codigo,descricao,prod_url
72759BR-CP,BICA LAV ARTIFACTS CP,https://objectstorage.sa-saopaulo-1.oraclecloud.com/n/grsxg5eatn7l/b/produtos/o/produtos/72759BR.png
98068BR-4-CP,ALAV MIST LAV ARTIFACTS CP,https://objectstorage.sa-saopaulo-1.oraclecloud.com/n/grsxg5eatn7l/b/produtos/o/produtos/98068BR-4.png
72762BR-9M-CP,MIST MON LAV BICA BX ARTIFACTS CP,https://objectstorage.sa-saopaulo-1.oraclecloud.com/n/grsxg5eatn7l/b/produtos/o/produtos/72762BR-9M.png
76967BR-4-CP,ACAB MIST MON CHUV ARTIFACTS CP,https://objectstorage.sa-saopaulo-1.oraclecloud.com/n/grsxg5eatn7l/b/produtos/o/produtos/76967BR-4.png
T76966BR-4-CP,ACAB MIST MON CHUV/BANH ARTIFACTS CP,https://objectstorage.sa-saopaulo-1.oraclecloud.com/n/grsxg5eatn7l/b/produtos/o/produtos/T76966BR-4.png
T97038BR-4-CP,ACAB MIST CHUV ARTIFACTS CP,https://objectstorage.sa-saopaulo-1.oraclecloud.com/n/grsxg5eatn7l/b/produtos/o/produtos/T97038BR-4.png
T97033BR-4-CP,ACAB. REG GAV/PRES ARTIFACTS CP,https://objectstorage.sa-saopaulo-1.oraclecloud.com/n/grsxg5eatn7l/b/produtos/o/produtos/T97033BR-4.png
72568BR-CP,PORTA TOALHA BARRA ARTIFACTS 610MM CP,https://objectstorage.sa-saopaulo-1.oraclecloud.com/n/grsxg5eatn7l/b/produtos/o/produtos/72568BR.png
72571BR-CP,PORTA TOALHA ARGOLA ARTIFACTS CP,https://objectstorage.sa-saopaulo-1.oraclecloud.com/n/grsxg5eatn7l/b/produtos/o/produtos/72571BR.png
72572BR-CP,CABIDE DUPLO ARTIFACTS CP,https://objectstorage.sa-saopaulo-1.oraclecloud.com/n/grsxg5eatn7l/b/produtos/o/produtos/72572BR.png
72573BR-CP,PAPELEIRA CLÁSSICA ARTIFACTS CP,https://objectstorage.sa-saopaulo-1.oraclecloud.com/n/grsxg5eatn7l/b/produtos/o/produtos/72573BR.png
73050BR-7ND-RGD,MIST MON LAV BICA BX COMPOSED RGD,https://objectstorage.sa-saopaulo-1.oraclecloud.com/n/grsxg5eatn7l/b/produtos/o/produtos/73050BR-7ND.png
73158BR-4ND-CP,MIST MON LAV BICA BX COMPOSED CP,https://objectstorage.sa-saopaulo-1.oraclecloud.com/n/grsxg5eatn7l/b/produtos/o/produtos/73158BR-4ND.png
73158BR-4ND-RGD,MIST MON LAV BICA BX COMPOSED RGD,https://objectstorage.sa-saopaulo-1.oraclecloud.com/n/grsxg5eatn7l/b/produtos/o/produtos/73158BR-4ND.png
73158BR-4ND-BL,MIST MON LAV BICA BX COMPOSED TT,https://objectstorage.sa-saopaulo-1.oraclecloud.com/n/grsxg5eatn7l/b/produtos/o/produtos/73158BR-4ND.png
73053BR-4ND-CP,MIST MON LAV BICA AL COMPOSED CP,https://objectstorage.sa-saopaulo-1.oraclecloud.com/n/grsxg5eatn7l/b/produtos/o/produtos/73053BR-4ND.png
73053BR-4ND-RGD,MIST MON LAV BICA AL COMPOSED RGD,https://objectstorage.sa-saopaulo-1.oraclecloud.com/n/grsxg5eatn7l/b/produtos/o/produtos/73053BR-4ND.png
73060BR-3-CP,MIST LAV BICA BX ALAV COMPOSED CP,https://objectstorage.sa-saopaulo-1.oraclecloud.com/n/grsxg5eatn7l/b/produtos/o/produtos/73060BR-3.png
73060BR-3-RGD,MIST LAV BICA BX ALAV COMPOSED RGD,https://objectstorage.sa-saopaulo-1.oraclecloud.com/n/grsxg5eatn7l/b/produtos/o/produtos/73060BR-3.png
73060BR-3-TT,MIST LAV BICA BX ALAV COMPOSED TT,https://objectstorage.sa-saopaulo-1.oraclecloud.com/n/grsxg5eatn7l/b/produtos/o/produtos/73060BR-3.png
73060BR-4-CP,MIST LAV BICA BX ALAV COMPOSED CP,https://objectstorage.sa-saopaulo-1.oraclecloud.com/n/grsxg5eatn7l/b/produtos/o/produtos/73060BR-4.png
73060BR-4-BL,MIST LAV BICA BX ALAV COMPOSED BL,https://objectstorage.sa-saopaulo-1.oraclecloud.com/n/grsxg5eatn7l/b/produtos/o/produtos/73060BR-4.png
73060BR-4-RGD,MIST LAV BICA BX ALAV COMPOSED RGD,https://objectstorage.sa-saopaulo-1.oraclecloud.com/n/grsxg5eatn7l/b/produtos/o/produtos/73060BR-4.png
73067BR-3ND-CP,MIST LAV CRUZ PAR COMPOSED CP,https://objectstorage.sa-saopaulo-1.oraclecloud.com/n/grsxg5eatn7l/b/produtos/o/produtos/73067BR-3ND.png
97041BR-3-CP,TORN LAV BICA BX CL CRUZ COMPOSED CP,https://objectstorage.sa-saopaulo-1.oraclecloud.com/n/grsxg5eatn7l/b/produtos/o/produtos/97041BR-3.png
T73098BR-4-CP,ACAB MIST MON CHUV ALAV COMPOSED CR,https://objectstorage.sa-saopaulo-1.oraclecloud.com/n/grsxg5eatn7l/b/produtos/o/produtos/T73098BR-4.png
T73098BR-4-TT,ACAB MIST MON CHUV ALAV COMPOSED TT,https://objectstorage.sa-saopaulo-1.oraclecloud.com/n/grsxg5eatn7l/b/produtos/o/produtos/T73098BR-4.png
T73100BR-4-CP,ACAB MIST MON CHUV/BANH ALAV COMPOSED CP,https://objectstorage.sa-saopaulo-1.oraclecloud.com/n/grsxg5eatn7l/b/produtos/o/produtos/T73100BR-4.png
T73100BR-4-TT,ACAB MIST MON CHUV/BANH ALAV COMPOSED TT,https://objectstorage.sa-saopaulo-1.oraclecloud.com/n/grsxg5eatn7l/b/produtos/o/produtos/T73100BR-4.png
T73133BR-3-TT,ACAB VALV TERMOST COMPOSED CRUZ TT,https://objectstorage.sa-saopaulo-1.oraclecloud.com/n/grsxg5eatn7l/b/produtos/o/produtos/T73133BR-3.png
T73133BR-4-CP,ACAB VALV TERMOST COMPOSED ALAV CP,https://objectstorage.sa-saopaulo-1.oraclecloud.com/n/grsxg5eatn7l/b/produtos/o/produtos/T73133BR-4.png
T73133BR-4-BL,ACAB VALV TERMOST COMPOSED ALAV BL,https://objectstorage.sa-saopaulo-1.oraclecloud.com/n/grsxg5eatn7l/b/produtos/o/produtos/T73133BR-4.png
T73133BR-4-TT,ACAB VALV TERMOST COMPOSED ALAV TT,https://objectstorage.sa-saopaulo-1.oraclecloud.com/n/grsxg5eatn7l/b/produtos/o/produtos/T73133BR-4.png
T73135BR-3-TT,ACAB VALV CONTR VOL CRUZ COMPOSED TT,https://objectstorage.sa-saopaulo-1.oraclecloud.com/n/grsxg5eatn7l/b/produtos/o/produtos/T73135BR-3.png
T73135BR-4-CP,ACAB VALV CONTR VOL ALAV COMPOSED CP,https://objectstorage.sa-saopaulo-1.oraclecloud.com/n/grsxg5eatn7l/b/produtos/o/produtos/T73135BR-4.png
T73135BR-4-TT,ACAB VALV CONTR VOL ALAV COMPOSED TT,https://objectstorage.sa-saopaulo-1.oraclecloud.com/n/grsxg5eatn7l/b/produtos/o/produtos/T73135BR-4.png
T73135BR-4-BL,ACAB VALV CONTR VOL ALAV COMPOSED BL,https://objectstorage.sa-saopaulo-1.oraclecloud.com/n/grsxg5eatn7l/b/produtos/o/produtos/T73135BR-4.png
T73140BR-3-TT,ACAB VALV DESV CHUV CRUZ COMPOSED TT,https://objectstorage.sa-saopaulo-1.oraclecloud.com/n/grsxg5eatn7l/b/produtos/o/produtos/T73140BR-3.png
T73140BR-4-CP,ACAB VALV DESV CHUV ALAV COMPOSED CP,https://objectstorage.sa-saopaulo-1.oraclecloud.com/n/grsxg5eatn7l/b/produtos/o/produtos/T73140BR-4.png
T73140BR-4-TT,ACAB VALV DESV CHUV ALAV COMPOSED TT,https://objectstorage.sa-saopaulo-1.oraclecloud.com/n/grsxg5eatn7l/b/produtos/o/produtos/T73140BR-4.png
T73140BR-4-BL,ACAB VALV DESV CHUV ALAV COMPOSED BL,https://objectstorage.sa-saopaulo-1.oraclecloud.com/n/grsxg5eatn7l/b/produtos/o/produtos/T73140BR-4.png
T97044BR-3-CP,ACAB REG GAV/PRES CRUZ COMPOSED CP,https://objectstorage.sa-saopaulo-1.oraclecloud.com/n/grsxg5eatn7l/b/produtos/o/produtos/T97044BR-3.png
T97044BR-3-TT,ACAB REG GAV CRUZ COMPOSED TT,https://objectstorage.sa-saopaulo-1.oraclecloud.com/n/grsxg5eatn7l/b/produtos/o/produtos/T97044BR-3.png
T97045BR-3-CP,ACAB MIST CHUV CRUZ COMPOSED CP,https://objectstorage.sa-saopaulo-1.oraclecloud.com/n/grsxg5eatn7l/b/produtos/o/produtos/T97045BR-3.png
73081BR-3-CP,MIST BANH CRUZ COMPOSED CP,https://objectstorage.sa-saopaulo-1.oraclecloud.com/n/grsxg5eatn7l/b/produtos/o/produtos/73081BR-3.png
73146BR-TT,CABIDE COMPOSED TT,https://objectstorage.sa-saopaulo-1.oraclecloud.com/n/grsxg5eatn7l/b/produtos/o/produtos/73146BR.png
97345BR-4ND-BN,MIST MON LAV BICA BX AVID BN,https://objectstorage.sa-saopaulo-1.oraclecloud.com/n/grsxg5eatn7l/b/produtos/o/produtos/97345BR-4ND.png
97345BR-4ND-CP,MIST MON LAV BICA BX AVID CP,https://objectstorage.sa-saopaulo-1.oraclecloud.com/n/grsxg5eatn7l/b/produtos/o/produtos/97345BR-4ND.png
97345BR-4ND-RGD,MIST MON LAV BICA BX AVID RGD,https://objectstorage.sa-saopaulo-1.oraclecloud.com/n/grsxg5eatn7l/b/produtos/o/produtos/97345BR-4ND.png
97345BR-4ND-TT,MIST MON LAV BICA BX AVID TT,https://objectstorage.sa-saopaulo-1.oraclecloud.com/n/grsxg5eatn7l/b/produtos/o/produtos/97345BR-4ND.png
97347BR-4ND-BN,MIST MON LAV BICA AL AVID BN,https://objectstorage.sa-saopaulo-1.oraclecloud.com/n/grsxg5eatn7l/b/produtos/o/produtos/97347BR-4ND.png
97347BR-4ND-CP,MIST MON LAV BICA AL AVID CP,https://objectstorage.sa-saopaulo-1.oraclecloud.com/n/grsxg5eatn7l/b/produtos/o/produtos/97347BR-4ND.png
97347BR-4ND-TT,MIST MON LAV BICA AL AVID TT,https://objectstorage.sa-saopaulo-1.oraclecloud.com/n/grsxg5eatn7l/b/produtos/o/produtos/97347BR-4ND.png
97348BR-4ND-RGD,MIST MON LAV BICA SUPER AL AVID RGD,https://objectstorage.sa-saopaulo-1.oraclecloud.com/n/grsxg5eatn7l/b/produtos/o/produtos/97348BR-4ND.png
97352BR-4-BN,MIST LAV BICA BX AVID BN,https://objectstorage.sa-saopaulo-1.oraclecloud.com/n/grsxg5eatn7l/b/produtos/o/produtos/97352BR-4.png
97352BR-4-CP,MIST LAV BICA BX AVID CP,https://objectstorage.sa-saopaulo-1.oraclecloud.com/n/grsxg5eatn7l/b/produtos/o/produtos/97352BR-4.png
97352BR-4-TT,MIST LAV BICA BX AVID TT,https://objectstorage.sa-saopaulo-1.oraclecloud.com/n/grsxg5eatn7l/b/produtos/o/produtos/97352BR-4.png
97358BR-4ND-CP,MIST MON LAV PAR CL AVID CP,https://objectstorage.sa-saopaulo-1.oraclecloud.com/n/grsxg5eatn7l/b/produtos/o/produtos/97358BR-4ND.png
97359BR-4ND-CP,MIST LAV PAR AVID CP,https://objectstorage.sa-saopaulo-1.oraclecloud.com/n/grsxg5eatn7l/b/produtos/o/produtos/97359BR-4ND.png
97046BR-4-CP,TORN LAV BICA BX CL AVID CP,https://objectstorage.sa-saopaulo-1.oraclecloud.com/n/grsxg5eatn7l/b/produtos/o/produtos/97046BR-4.png
97014BR-4-CP,MIST MONO BIDE AVID CR,https://objectstorage.sa-saopaulo-1.oraclecloud.com/n/grsxg5eatn7l/b/produtos/o/produtos/97014BR-4.png
97021BR-CP,BICA BANH PAR AVID CP,https://objectstorage.sa-saopaulo-1.oraclecloud.com/n/grsxg5eatn7l/b/produtos/o/produtos/97021BR.png
T97050BR-4-CP,ACAB MIST CHUV AVID CP,https://objectstorage.sa-saopaulo-1.oraclecloud.com/n/grsxg5eatn7l/b/produtos/o/produtos/T97050BR-4.png
T97487BR-4-CP,ACAB MIST MON CHUV/BANH AVID CP,https://objectstorage.sa-saopaulo-1.oraclecloud.com/n/grsxg5eatn7l/b/produtos/o/produtos/T97487BR-4.png
T97488BR-4-CP,ACAB MIST MON CHUV  AVID CP,https://objectstorage.sa-saopaulo-1.oraclecloud.com/n/grsxg5eatn7l/b/produtos/o/produtos/T97488BR-4.png
97494BR-BN,PORTA TOALHA BARRA AVID 457MM BN,https://objectstorage.sa-saopaulo-1.oraclecloud.com/n/grsxg5eatn7l/b/produtos/o/produtos/97494BR.png
97494BR-CP,PORTA TOALHA BARRA AVID 457MM CP,https://objectstorage.sa-saopaulo-1.oraclecloud.com/n/grsxg5eatn7l/b/produtos/o/produtos/97494BR.png
97495BR-BN,PORTA TOALHA BARRA AVID 610 MM BN,https://objectstorage.sa-saopaulo-1.oraclecloud.com/n/grsxg5eatn7l/b/produtos/o/produtos/97495BR.png
97495BR-CP,PORTA TOALHA BARRA AVID 610 MM CP,https://objectstorage.sa-saopaulo-1.oraclecloud.com/n/grsxg5eatn7l/b/produtos/o/produtos/97495BR.png
97495BR-TT,PORTA TOALHA BARRA AVID 610 MM TT,https://objectstorage.sa-saopaulo-1.oraclecloud.com/n/grsxg5eatn7l/b/produtos/o/produtos/97495BR.png
97498BR-BN,TOALHEIRO AVID BN,https://objectstorage.sa-saopaulo-1.oraclecloud.com/n/grsxg5eatn7l/b/produtos/o/produtos/97498BR.png
97498BR-CP,TOALHEIRO AVID CP,https://objectstorage.sa-saopaulo-1.oraclecloud.com/n/grsxg5eatn7l/b/produtos/o/produtos/97498BR.png
97498BR-TT,TOALHEIRO AVID TT,https://objectstorage.sa-saopaulo-1.oraclecloud.com/n/grsxg5eatn7l/b/produtos/o/produtos/97498BR.png
97499BR-BN,CABIDE AVID BN,https://objectstorage.sa-saopaulo-1.oraclecloud.com/n/grsxg5eatn7l/b/produtos/o/produtos/97499BR.png
97499BR-CP,CABIDE AVID CP,https://objectstorage.sa-saopaulo-1.oraclecloud.com/n/grsxg5eatn7l/b/produtos/o/produtos/97499BR.png
97502BR-BN,PAPELEIRA VERTICAL AVID BN,https://objectstorage.sa-saopaulo-1.oraclecloud.com/n/grsxg5eatn7l/b/produtos/o/produtos/97502BR.png
97502BR-CP,PAPELEIRA VERTICAL AVID CP,https://objectstorage.sa-saopaulo-1.oraclecloud.com/n/grsxg5eatn7l/b/produtos/o/produtos/97502BR.png
97502BR-TT,PAPELEIRA VERTICAL AVID TT,https://objectstorage.sa-saopaulo-1.oraclecloud.com/n/grsxg5eatn7l/b/produtos/o/produtos/97502BR.png
T97048BR-4-BN,ACAB REG GAV/PRES AVID BN,https://objectstorage.sa-saopaulo-1.oraclecloud.com/n/grsxg5eatn7l/b/produtos/o/produtos/T97048BR-4.png
T97048BR-4-CP,ACAB REG GAV/PRES AVID CP,https://objectstorage.sa-saopaulo-1.oraclecloud.com/n/grsxg5eatn7l/b/produtos/o/produtos/T97048BR-4.png
T97048BR-4-TT,ACAB REG GAV/PRES AVID TT,https://objectstorage.sa-saopaulo-1.oraclecloud.com/n/grsxg5eatn7l/b/produtos/o/produtos/T97048BR-4.png
77958BR-4AND-BN,MIST MON LAV BICA BX COMPON BN,https://objectstorage.sa-saopaulo-1.oraclecloud.com/n/grsxg5eatn7l/b/produtos/o/produtos/77958BR-4AND.png
77958BR-4AND-BL,MIST MON LAV BICA BX COMPON BL,https://objectstorage.sa-saopaulo-1.oraclecloud.com/n/grsxg5eatn7l/b/produtos/o/produtos/77958BR-4AND.png
77958BR-4AND-CP,MIST MON LAV BICA BX COMPON CP,https://objectstorage.sa-saopaulo-1.oraclecloud.com/n/grsxg5eatn7l/b/produtos/o/produtos/77958BR-4AND.png
77958BR-4AND-RGD,MIST MON LAV BICA BX COMPON RGD,https://objectstorage.sa-saopaulo-1.oraclecloud.com/n/grsxg5eatn7l/b/produtos/o/produtos/77958BR-4AND.png
77959BR-4AND-BN,MIST MON LAV BICA AL COMPON BN,https://objectstorage.sa-saopaulo-1.oraclecloud.com/n/grsxg5eatn7l/b/produtos/o/produtos/77959BR-4AND.png
77959BR-4AND-BL,MIST MON LAV BICA AL COMPON BL,https://objectstorage.sa-saopaulo-1.oraclecloud.com/n/grsxg5eatn7l/b/produtos/o/produtos/77959BR-4AND.png
77959BR-4AND-CP,MIST MON LAV BICA AL COMPON CP,https://objectstorage.sa-saopaulo-1.oraclecloud.com/n/grsxg5eatn7l/b/produtos/o/produtos/77959BR-4AND.png
77959BR-4AND-RGD,MIST MON LAV BICA AL COMPON RGD,https://objectstorage.sa-saopaulo-1.oraclecloud.com/n/grsxg5eatn7l/b/produtos/o/produtos/77959BR-4AND.png
77967BR-BN,BICA LAV TUBE COMPON BN,https://objectstorage.sa-saopaulo-1.oraclecloud.com/n/grsxg5eatn7l/b/produtos/o/produtos/77967BR.png
77967BR-BL,BICA LAV TUBE COMPON BL,https://objectstorage.sa-saopaulo-1.oraclecloud.com/n/grsxg5eatn7l/b/produtos/o/produtos/77967BR.png
77967BR-CP,BICA LAV TUBE COMPON CP,https://objectstorage.sa-saopaulo-1.oraclecloud.com/n/grsxg5eatn7l/b/produtos/o/produtos/77967BR.png
77967BR-RGD,BICA LAV TUBE COMPON RGD,https://objectstorage.sa-saopaulo-1.oraclecloud.com/n/grsxg5eatn7l/b/produtos/o/produtos/77967BR.png
77968BR-BN,BICA LAV RIBBON COMPON BN,https://objectstorage.sa-saopaulo-1.oraclecloud.com/n/grsxg5eatn7l/b/produtos/o/produtos/77968BR.png
77968BR-BL,BICA LAV RIBBON COMPON BL,https://objectstorage.sa-saopaulo-1.oraclecloud.com/n/grsxg5eatn7l/b/produtos/o/produtos/77968BR.png
77968BR-CP,BICA LAV RIBBON COMPON CP,https://objectstorage.sa-saopaulo-1.oraclecloud.com/n/grsxg5eatn7l/b/produtos/o/produtos/77968BR.png
77968BR-RGD,BICA LAV RIBBON COMPON RGD,https://objectstorage.sa-saopaulo-1.oraclecloud.com/n/grsxg5eatn7l/b/produtos/o/produtos/77968BR.png
77969BR-BN,BICA LAV ROW COMPON BN,https://objectstorage.sa-saopaulo-1.oraclecloud.com/n/grsxg5eatn7l/b/produtos/o/produtos/77969BR.png
77969BR-BL,BICA LAV ROW COMPON BL,https://objectstorage.sa-saopaulo-1.oraclecloud.com/n/grsxg5eatn7l/b/produtos/o/produtos/77969BR.png
77969BR-CP,BICA LAV ROW COMPON CP,https://objectstorage.sa-saopaulo-1.oraclecloud.com/n/grsxg5eatn7l/b/produtos/o/produtos/77969BR.png
77969BR-RGD,BICA LAV ROW COMPON RGD,https://objectstorage.sa-saopaulo-1.oraclecloud.com/n/grsxg5eatn7l/b/produtos/o/produtos/77969BR.png
77990BR-4-BN,ALAV MIST LAV LEVER COMPON BN,https://objectstorage.sa-saopaulo-1.oraclecloud.com/n/grsxg5eatn7l/b/produtos/o/produtos/77990BR-4.png
77990BR-4-BL,ALAV MIST LAV LEVER COMPON BL,https://objectstorage.sa-saopaulo-1.oraclecloud.com/n/grsxg5eatn7l/b/produtos/o/produtos/77990BR-4.png
77990BR-4-CP,ALAV MIST LAV LEVER COMPON CP,https://objectstorage.sa-saopaulo-1.oraclecloud.com/n/grsxg5eatn7l/b/produtos/o/produtos/77990BR-4.png
77990BR-4-RGD,ALAV MIST LAV LEVER COMPON RGD,https://objectstorage.sa-saopaulo-1.oraclecloud.com/n/grsxg5eatn7l/b/produtos/o/produtos/77990BR-4.png
77990BR-8-BN,ALAV MIST LAV OYL COMPON BN,https://objectstorage.sa-saopaulo-1.oraclecloud.com/n/grsxg5eatn7l/b/produtos/o/produtos/77990BR-8.png
77990BR-8-BL,ALAV MIST LAV OYL COMPON BL,https://objectstorage.sa-saopaulo-1.oraclecloud.com/n/grsxg5eatn7l/b/produtos/o/produtos/77990BR-8.png
77990BR-8-CP,ALAV MIST LAV OYL COMPON CP,https://objectstorage.sa-saopaulo-1.oraclecloud.com/n/grsxg5eatn7l/b/produtos/o/produtos/77990BR-8.png
77990BR-8-RGD,ALAV MIST LAV OYL COMPON RGD,https://objectstorage.sa-saopaulo-1.oraclecloud.com/n/grsxg5eatn7l/b/produtos/o/produtos/77990BR-8.png
77990BR-9-BN,ALAV MIST LAV INDUSTRIAL COMPON BN,https://objectstorage.sa-saopaulo-1.oraclecloud.com/n/grsxg5eatn7l/b/produtos/o/produtos/77990BR-9.png
77990BR-9-BL,ALAV MIST LAV INDUSTRIAL COMPON BL,https://objectstorage.sa-saopaulo-1.oraclecloud.com/n/grsxg5eatn7l/b/produtos/o/produtos/77990BR-9.png
77990BR-9-CP,ALAV MIST LAV INDUSTRIAL COMPON  CP,https://objectstorage.sa-saopaulo-1.oraclecloud.com/n/grsxg5eatn7l/b/produtos/o/produtos/77990BR-9.png
77990BR-9-RGD,ALAV MIST LAV  INDUSTRIAL COMPON RGD,https://objectstorage.sa-saopaulo-1.oraclecloud.com/n/grsxg5eatn7l/b/produtos/o/produtos/77990BR-9.png
77963BR-8A-BN,MIST MON LAV COMPON ROCKER BN,https://objectstorage.sa-saopaulo-1.oraclecloud.com/n/grsxg5eatn7l/b/produtos/o/produtos/77963BR-8A.png
77963BR-8A-BL,MIST MON LAV COMPON ROCKER BL,https://objectstorage.sa-saopaulo-1.oraclecloud.com/n/grsxg5eatn7l/b/produtos/o/produtos/77963BR-8A.png
77963BR-8A-CP,MIST MON LAV COMPON ROCKER CP,https://objectstorage.sa-saopaulo-1.oraclecloud.com/n/grsxg5eatn7l/b/produtos/o/produtos/77963BR-8A.png
77963BR-8A-RGD,MIST MON LAV COMPON ROCKER RGD,https://objectstorage.sa-saopaulo-1.oraclecloud.com/n/grsxg5eatn7l/b/produtos/o/produtos/77963BR-8A.png
T78018BR-4-BN,ACAB MIST MON CHUV COMPON BN,https://objectstorage.sa-saopaulo-1.oraclecloud.com/n/grsxg5eatn7l/b/produtos/o/produtos/T78018BR-4.png
T78018BR-4-BL,ACAB MIST MON CHUV COMPON BL,https://objectstorage.sa-saopaulo-1.oraclecloud.com/n/grsxg5eatn7l/b/produtos/o/produtos/T78018BR-4.png
T78018BR-4-CP,ACAB MIST MON CHUV COMPON CP,https://objectstorage.sa-saopaulo-1.oraclecloud.com/n/grsxg5eatn7l/b/produtos/o/produtos/T78018BR-4.png
T78018BR-4-RGD,ACAB MIST MON CHUV COMPON RGD,https://objectstorage.sa-saopaulo-1.oraclecloud.com/n/grsxg5eatn7l/b/produtos/o/produtos/T78018BR-4.png
T78019BR-4-BN,ACAB MIST MON CHUV/BANH COMPON BN,https://objectstorage.sa-saopaulo-1.oraclecloud.com/n/grsxg5eatn7l/b/produtos/o/produtos/T78019BR-4.png
T78019BR-4-BL,ACAB MIST MON CHUV/BANH COMPON BL,https://objectstorage.sa-saopaulo-1.oraclecloud.com/n/grsxg5eatn7l/b/produtos/o/produtos/T78019BR-4.png
T78019BR-4-CP,ACAB MIST MON CHUV/BANH COMPON CP,https://objectstorage.sa-saopaulo-1.oraclecloud.com/n/grsxg5eatn7l/b/produtos/o/produtos/T78019BR-4.png
T78019BR-4-RGD,ACAB MIST MON CHUV/BANH COMPON RGD,https://objectstorage.sa-saopaulo-1.oraclecloud.com/n/grsxg5eatn7l/b/produtos/o/produtos/T78019BR-4.png
T77974BR-9-CP,ACAB P/ MIST DE CHUV INDUSTRIAL CP,https://objectstorage.sa-saopaulo-1.oraclecloud.com/n/grsxg5eatn7l/b/produtos/o/produtos/T77974BR-9.png
T77974BR-9-BN,ACAB P/ MIST DE CHUV INDUSTRIAL BN,https://objectstorage.sa-saopaulo-1.oraclecloud.com/n/grsxg5eatn7l/b/produtos/o/produtos/T77974BR-9.png
T77974BR-9-BL,ACAB P/ MIST DE CHUV INDUSTRIAL BL,https://objectstorage.sa-saopaulo-1.oraclecloud.com/n/grsxg5eatn7l/b/produtos/o/produtos/T77974BR-9.png
T77974BR-9-RGD,ACAB P/ MIST DE CHUV INDUSTRIAL RGD,https://objectstorage.sa-saopaulo-1.oraclecloud.com/n/grsxg5eatn7l/b/produtos/o/produtos/T77974BR-9.png
T77974BR-8-CP,ACAB P/ MIST DE CHUV OYL CP,https://objectstorage.sa-saopaulo-1.oraclecloud.com/n/grsxg5eatn7l/b/produtos/o/produtos/T77974BR-8.png
T77974BR-8-RGD,ACAB P/ MIST DE CHUV OYL BL,https://objectstorage.sa-saopaulo-1.oraclecloud.com/n/grsxg5eatn7l/b/produtos/o/produtos/T77974BR-8.png
T77974BR-4-BL,ACAB P/ MIST DE CHUV OYL RGD,https://objectstorage.sa-saopaulo-1.oraclecloud.com/n/grsxg5eatn7l/b/produtos/o/produtos/T77974BR-4.png
T77974BR-4-BN,ACAB P/ MIST DE CHUV LEVER BN,https://objectstorage.sa-saopaulo-1.oraclecloud.com/n/grsxg5eatn7l/b/produtos/o/produtos/T77974BR-4.png
T78026BR-9-BN,ACAB VALV DESV CHUV COMPON INDUSTRIAL BN,https://objectstorage.sa-saopaulo-1.oraclecloud.com/n/grsxg5eatn7l/b/produtos/o/produtos/T78026BR-9.png
T78026BR-9-BL,ACAB VALV DESV CHUV COMPON INDUSTRIAL BL,https://objectstorage.sa-saopaulo-1.oraclecloud.com/n/grsxg5eatn7l/b/produtos/o/produtos/T78026BR-9.png
T78026BR-9-CP,ACAB VALV DESV CHUV COMPON INDUSTRIAL CP,https://objectstorage.sa-saopaulo-1.oraclecloud.com/n/grsxg5eatn7l/b/produtos/o/produtos/T78026BR-9.png
T23897BR-9-CP,ACAB REG GAV/PRES INDUSTRIAL COMPON CP,https://objectstorage.sa-saopaulo-1.oraclecloud.com/n/grsxg5eatn7l/b/produtos/o/produtos/T23897BR-9.png
T23897BR-9-BL,ACAB REG GAV/PRES INDUSTRIAL COMPON BL,https://objectstorage.sa-saopaulo-1.oraclecloud.com/n/grsxg5eatn7l/b/produtos/o/produtos/T23897BR-9.png
T23897BR-9-BN,ACAB REG GAV/PRES INDUSTRIAL COMPON BN,https://objectstorage.sa-saopaulo-1.oraclecloud.com/n/grsxg5eatn7l/b/produtos/o/produtos/T23897BR-9.png
T23897BR-9-RGD,ACAB REG GAV/PRES INDUSTRIAL COMPON RGD,https://objectstorage.sa-saopaulo-1.oraclecloud.com/n/grsxg5eatn7l/b/produtos/o/produtos/T23897BR-9.png
T78026BR-8-BN,ACAB VALV DESV CHUV COMPON OYL BN,https://objectstorage.sa-saopaulo-1.oraclecloud.com/n/grsxg5eatn7l/b/produtos/o/produtos/T78026BR-8.png
T78026BR-8-BL,ACAB VALV DESV CHUV COMPON OYL BL,https://objectstorage.sa-saopaulo-1.oraclecloud.com/n/grsxg5eatn7l/b/produtos/o/produtos/T78026BR-8.png
T78026BR-8-CP,ACAB VALV DESV CHUV COMPON OYL CP,https://objectstorage.sa-saopaulo-1.oraclecloud.com/n/grsxg5eatn7l/b/produtos/o/produtos/T78026BR-8.png
T23897BR-8-CP,ACAB REG GAV/PRES OYL COMPON CP,https://objectstorage.sa-saopaulo-1.oraclecloud.com/n/grsxg5eatn7l/b/produtos/o/produtos/T23897BR-8.png
T23897BR-8-BN,ACAB REG GAV/PRES OYL COMPON BN,https://objectstorage.sa-saopaulo-1.oraclecloud.com/n/grsxg5eatn7l/b/produtos/o/produtos/T23897BR-8.png
T23897BR-8-BL,ACAB REG GAV/PRES OYL COMPON BL,https://objectstorage.sa-saopaulo-1.oraclecloud.com/n/grsxg5eatn7l/b/produtos/o/produtos/T23897BR-8.png
T23897BR-8-RGD,ACAB REG GAV/PRES OYL COMPON RGD,https://objectstorage.sa-saopaulo-1.oraclecloud.com/n/grsxg5eatn7l/b/produtos/o/produtos/T23897BR-8.png
T78026BR-4-BN,ACAB VALV DESV CHUV COMPON LEVER BN,https://objectstorage.sa-saopaulo-1.oraclecloud.com/n/grsxg5eatn7l/b/produtos/o/produtos/T78026BR-4.png
T78026BR-4-BL,ACAB VALV DESV CHUV COMPON LEVER BL,https://objectstorage.sa-saopaulo-1.oraclecloud.com/n/grsxg5eatn7l/b/produtos/o/produtos/T78026BR-4.png
T78026BR-4-CP,ACAB VALV DESV CHUV COMPON LEVER CP,https://objectstorage.sa-saopaulo-1.oraclecloud.com/n/grsxg5eatn7l/b/produtos/o/produtos/T78026BR-4.png
T23897BR-4-BN,ACAB REG GAV/PRES LEVER COMPON BN,https://objectstorage.sa-saopaulo-1.oraclecloud.com/n/grsxg5eatn7l/b/produtos/o/produtos/T23897BR-4.png
T23897BR-4-CP,ACAB REG GAV/PRES LEVER COMPON CP,https://objectstorage.sa-saopaulo-1.oraclecloud.com/n/grsxg5eatn7l/b/produtos/o/produtos/T23897BR-4.png
T23897BR-4-BL,ACAB REG GAV/PRES LEVER COMPON BL,https://objectstorage.sa-saopaulo-1.oraclecloud.com/n/grsxg5eatn7l/b/produtos/o/produtos/T23897BR-4.png
T23897BR-4-RGD,ACAB REG GAV/PRES LEVER COMPON RGD,https://objectstorage.sa-saopaulo-1.oraclecloud.com/n/grsxg5eatn7l/b/produtos/o/produtos/T23897BR-4.png
T78025BR-9-BN,ACAB VALV CONTR VOL COMPON INDUSTRIAL BN,https://objectstorage.sa-saopaulo-1.oraclecloud.com/n/grsxg5eatn7l/b/produtos/o/produtos/T78025BR-9.png
T78025BR-9-BL,ACAB VALV CONTR VOL COMPON INDUSTRIAL BL,https://objectstorage.sa-saopaulo-1.oraclecloud.com/n/grsxg5eatn7l/b/produtos/o/produtos/T78025BR-9.png
T78025BR-9-CP,ACAB VALV CONTR VOL COMPON INDUSTRIAL CR,https://objectstorage.sa-saopaulo-1.oraclecloud.com/n/grsxg5eatn7l/b/produtos/o/produtos/T78025BR-9.png
T78025BR-8-BN,ACAB VALV CONTR VOL COMPON OYL BN,https://objectstorage.sa-saopaulo-1.oraclecloud.com/n/grsxg5eatn7l/b/produtos/o/produtos/T78025BR-8.png
T78025BR-8-BL,ACAB VALV CONTR VOL COMPON OYL BL,https://objectstorage.sa-saopaulo-1.oraclecloud.com/n/grsxg5eatn7l/b/produtos/o/produtos/T78025BR-8.png
T78025BR-8-CP,ACAB VALV CONTR VOL COMPON OYL CR,https://objectstorage.sa-saopaulo-1.oraclecloud.com/n/grsxg5eatn7l/b/produtos/o/produtos/T78025BR-8.png
T78025BR-4-BN,ACAB VALV CONTR VOL COMPON LEVER BN,https://objectstorage.sa-saopaulo-1.oraclecloud.com/n/grsxg5eatn7l/b/produtos/o/produtos/T78025BR-4.png
T78025BR-4-BL,ACAB VALV CONTR VOL COMPON LEVER BL,https://objectstorage.sa-saopaulo-1.oraclecloud.com/n/grsxg5eatn7l/b/produtos/o/produtos/T78025BR-4.png
T78025BR-4-CP,ACAB VALV CONTR VOL COMPON LEVER CR,https://objectstorage.sa-saopaulo-1.oraclecloud.com/n/grsxg5eatn7l/b/produtos/o/produtos/T78025BR-4.png
T78027BR-9-BN,ACAB VALV TERMOST COMPON INDUSTRIAL BN,https://objectstorage.sa-saopaulo-1.oraclecloud.com/n/grsxg5eatn7l/b/produtos/o/produtos/T78027BR-9.png
T78027BR-9-BL,ACAB VALV TERMOST COMPON INDUSTRIAL BL,https://objectstorage.sa-saopaulo-1.oraclecloud.com/n/grsxg5eatn7l/b/produtos/o/produtos/T78027BR-9.png
T78027BR-9-CP,ACAB VALV TERMOST COMPON INDUSTRIAL CP,https://objectstorage.sa-saopaulo-1.oraclecloud.com/n/grsxg5eatn7l/b/produtos/o/produtos/T78027BR-9.png
T78027BR-8-BN,ACAB VALV TERMOST COMPON OYL BN,https://objectstorage.sa-saopaulo-1.oraclecloud.com/n/grsxg5eatn7l/b/produtos/o/produtos/T78027BR-8.png
T78027BR-8-BL,ACAB VALV TERMOST COMPON OYL BL,https://objectstorage.sa-saopaulo-1.oraclecloud.com/n/grsxg5eatn7l/b/produtos/o/produtos/T78027BR-8.png
T78027BR-8-CP,ACAB VALV TERMOST COMPON OYL CP,https://objectstorage.sa-saopaulo-1.oraclecloud.com/n/grsxg5eatn7l/b/produtos/o/produtos/T78027BR-8.png
T78027BR-4-BN,ACAB VALV TERMOST COMPON LEVER BN,https://objectstorage.sa-saopaulo-1.oraclecloud.com/n/grsxg5eatn7l/b/produtos/o/produtos/T78027BR-4.png
T78027BR-4-BL,ACAB VALV TERMOST COMPON LEVER BL,https://objectstorage.sa-saopaulo-1.oraclecloud.com/n/grsxg5eatn7l/b/produtos/o/produtos/T78027BR-4.png
T78027BR-4-CP,ACAB VALV TERMOST COMPON LEVER CP,https://objectstorage.sa-saopaulo-1.oraclecloud.com/n/grsxg5eatn7l/b/produtos/o/produtos/T78027BR-4.png
78372BR-BN,PORTA TOALHA BARRA COMPON 457MM BN,https://objectstorage.sa-saopaulo-1.oraclecloud.com/n/grsxg5eatn7l/b/produtos/o/produtos/78372BR.png
78372BR-BL,PORTA TOALHA BARRA COMPON 457MM BL,https://objectstorage.sa-saopaulo-1.oraclecloud.com/n/grsxg5eatn7l/b/produtos/o/produtos/78372BR.png
78372BR-CP,PORTA TOALHA BARRA COMPON 457MM CP,https://objectstorage.sa-saopaulo-1.oraclecloud.com/n/grsxg5eatn7l/b/produtos/o/produtos/78372BR.png
78372BR-RGD,PORTA TOALHA BARRA COMPON 457MM RGD,https://objectstorage.sa-saopaulo-1.oraclecloud.com/n/grsxg5eatn7l/b/produtos/o/produtos/78372BR.png
78373BR-BN,PORTA TOALHA BARRA COMPON 610MM BN,https://objectstorage.sa-saopaulo-1.oraclecloud.com/n/grsxg5eatn7l/b/produtos/o/produtos/78373BR.png
78373BR-BL,PORTA TOALHA BARRA COMPON 610MM BL,https://objectstorage.sa-saopaulo-1.oraclecloud.com/n/grsxg5eatn7l/b/produtos/o/produtos/78373BR.png
78373BR-CP,PORTA TOALHA BARRA COMPON 610MM CP,https://objectstorage.sa-saopaulo-1.oraclecloud.com/n/grsxg5eatn7l/b/produtos/o/produtos/78373BR.png
78373BR-RGD,PORTA TOALHA BARRA COMPON 610MM RGD,https://objectstorage.sa-saopaulo-1.oraclecloud.com/n/grsxg5eatn7l/b/produtos/o/produtos/78373BR.png
78377BR-BN,TOALHEIRO COMPON BN,https://objectstorage.sa-saopaulo-1.oraclecloud.com/n/grsxg5eatn7l/b/produtos/o/produtos/78377BR.png
78377BR-BL,TOALHEIRO COMPON BL,https://objectstorage.sa-saopaulo-1.oraclecloud.com/n/grsxg5eatn7l/b/produtos/o/produtos/78377BR.png
78377BR-CP,TOALHEIRO COMPON CP,https://objectstorage.sa-saopaulo-1.oraclecloud.com/n/grsxg5eatn7l/b/produtos/o/produtos/78377BR.png
78377BR-RGD,TOALHEIRO COMPON RGD,https://objectstorage.sa-saopaulo-1.oraclecloud.com/n/grsxg5eatn7l/b/produtos/o/produtos/78377BR.png
78378BR-BN,CABIDE COMPON BN,https://objectstorage.sa-saopaulo-1.oraclecloud.com/n/grsxg5eatn7l/b/produtos/o/produtos/78378BR.png
78378BR-BL,CABIDE COMPON BL,https://objectstorage.sa-saopaulo-1.oraclecloud.com/n/grsxg5eatn7l/b/produtos/o/produtos/78378BR.png
78378BR-CP,CABIDE COMPON CP,https://objectstorage.sa-saopaulo-1.oraclecloud.com/n/grsxg5eatn7l/b/produtos/o/produtos/78378BR.png
78378BR-RGD,CABIDE COMPON RGD,https://objectstorage.sa-saopaulo-1.oraclecloud.com/n/grsxg5eatn7l/b/produtos/o/produtos/78378BR.png
78383BR-BN,PAPELEIRA COMPON BN,https://objectstorage.sa-saopaulo-1.oraclecloud.com/n/grsxg5eatn7l/b/produtos/o/produtos/78383BR.png
78383BR-CP,PAPELEIRA COMPON CP,https://objectstorage.sa-saopaulo-1.oraclecloud.com/n/grsxg5eatn7l/b/produtos/o/produtos/78383BR.png
78382BR-CP,PAPELEIRA COMPON CP,https://objectstorage.sa-saopaulo-1.oraclecloud.com/n/grsxg5eatn7l/b/produtos/o/produtos/78382BR.png
78382BR-BN,PAPELEIRA COMPON BN,https://objectstorage.sa-saopaulo-1.oraclecloud.com/n/grsxg5eatn7l/b/produtos/o/produtos/78382BR.png
78382BR-BL,PAPELEIRA COMPON BL,https://objectstorage.sa-saopaulo-1.oraclecloud.com/n/grsxg5eatn7l/b/produtos/o/produtos/78382BR.png
78382BR-RGD,PAPELEIRA COMPON RGD,https://objectstorage.sa-saopaulo-1.oraclecloud.com/n/grsxg5eatn7l/b/produtos/o/produtos/78382BR.png
37329BR-4ND-CP,MIST MON LAV BICA AL STRAYT CP,https://objectstorage.sa-saopaulo-1.oraclecloud.com/n/grsxg5eatn7l/b/produtos/o/produtos/37329BR-4ND.png
37337BR-4-CP,MIST MON BANH STRAYT CP,https://objectstorage.sa-saopaulo-1.oraclecloud.com/n/grsxg5eatn7l/b/produtos/o/produtos/37337BR-4.png
37339BR-9-CP,VALV ANGULAR STRATY CP,https://objectstorage.sa-saopaulo-1.oraclecloud.com/n/grsxg5eatn7l/b/produtos/o/produtos/37339BR-9.png
37344BR-CP,BICA BANH PAR STRAYT CP,https://objectstorage.sa-saopaulo-1.oraclecloud.com/n/grsxg5eatn7l/b/produtos/o/produtos/37344BR.png
78332BR-4-CP,DUC HIGIENICA STRAYT CP,https://objectstorage.sa-saopaulo-1.oraclecloud.com/n/grsxg5eatn7l/b/produtos/o/produtos/78332BR-4.png
98338BR-4-CP,MIST MON BIDE STRAYT CP,https://objectstorage.sa-saopaulo-1.oraclecloud.com/n/grsxg5eatn7l/b/produtos/o/produtos/98338BR-4.png
T37335BR-4-CP,ACAB MIST MON CHUV/BANH STRAYT CP,https://objectstorage.sa-saopaulo-1.oraclecloud.com/n/grsxg5eatn7l/b/produtos/o/produtos/T37335BR-4.png
T37336BR-4-CP,ACAB MIST MON CHUV STRAYT CP,https://objectstorage.sa-saopaulo-1.oraclecloud.com/n/grsxg5eatn7l/b/produtos/o/produtos/T37336BR-4.png
T37340BR-9-CP,ACAB REG GAV/PRES STRAYT CP,https://objectstorage.sa-saopaulo-1.oraclecloud.com/n/grsxg5eatn7l/b/produtos/o/produtos/T37340BR-9.png
T75650BR-4-CP,ACAB MIST CHUV STRAYT CP,https://objectstorage.sa-saopaulo-1.oraclecloud.com/n/grsxg5eatn7l/b/produtos/o/produtos/T75650BR-4.png
14408BR-3-CP,MIST LAV BICA AL CRUZ PURIST CP,https://objectstorage.sa-saopaulo-1.oraclecloud.com/n/grsxg5eatn7l/b/produtos/o/produtos/14408BR-3.png
78363BR-3-CP,TORN LAV BICA AL CL CRUZ PURIST CP,https://objectstorage.sa-saopaulo-1.oraclecloud.com/n/grsxg5eatn7l/b/produtos/o/produtos/78363BR-3.png
97052BR-3-CP,VALV ANGULAR CRUZ PURIST CP,https://objectstorage.sa-saopaulo-1.oraclecloud.com/n/grsxg5eatn7l/b/produtos/o/produtos/97052BR-3.png
T14488BR-3-CP,ACAB VALV TERMOST PURIST CRUZ CP,https://objectstorage.sa-saopaulo-1.oraclecloud.com/n/grsxg5eatn7l/b/produtos/o/produtos/T14488BR-3.png
T14490BR-3-CP,ACAB VALV CONTR VOL CRUZ PURIST CP,https://objectstorage.sa-saopaulo-1.oraclecloud.com/n/grsxg5eatn7l/b/produtos/o/produtos/T14490BR-3.png
T14491BR-3-CP,ACAB VALV DESV CHUV CRUZ PURIST CP,https://objectstorage.sa-saopaulo-1.oraclecloud.com/n/grsxg5eatn7l/b/produtos/o/produtos/T14491BR-3.png
14428BR-3-CP,MIST BANH CRUZ PURIST CP,https://objectstorage.sa-saopaulo-1.oraclecloud.com/n/grsxg5eatn7l/b/produtos/o/produtos/14428BR-3.png
14402BR-4AND-BN,MIST MON BICA BX ALAV PURIST BN,https://objectstorage.sa-saopaulo-1.oraclecloud.com/n/grsxg5eatn7l/b/produtos/o/produtos/14402BR-4AND.png
14402BR-4AND-CP,MIST MON BICA BX ALAV PURIST CP,https://objectstorage.sa-saopaulo-1.oraclecloud.com/n/grsxg5eatn7l/b/produtos/o/produtos/14402BR-4AND.png
14402BR-4AND-RGD,MIST MON BICA BX ALAV PURIST RGD,https://objectstorage.sa-saopaulo-1.oraclecloud.com/n/grsxg5eatn7l/b/produtos/o/produtos/14402BR-4AND.png
14404BR-4AND-BN,MIST MON LAV BICA AL ALAV PURIST BN,https://objectstorage.sa-saopaulo-1.oraclecloud.com/n/grsxg5eatn7l/b/produtos/o/produtos/14404BR-4AND.png
14404BR-4AND-CP,MIST MON LAV BICA AL ALAV PURIST CP,https://objectstorage.sa-saopaulo-1.oraclecloud.com/n/grsxg5eatn7l/b/produtos/o/produtos/14404BR-4AND.png
14404BR-4AND-RGD,MIST MON LAV BICA AL ALAV PURIST RGD,https://objectstorage.sa-saopaulo-1.oraclecloud.com/n/grsxg5eatn7l/b/produtos/o/produtos/14404BR-4AND.png
98423BR-4ND-CP,MIST MON LAV BICA SUPER AL PURIST CP,https://objectstorage.sa-saopaulo-1.oraclecloud.com/n/grsxg5eatn7l/b/produtos/o/produtos/98423BR-4ND.png
98423BR-4ND-RGD,MIST MON LAV BICA SUPER AL PURIST RGD,https://objectstorage.sa-saopaulo-1.oraclecloud.com/n/grsxg5eatn7l/b/produtos/o/produtos/98423BR-4ND.png
14406BR-4-CP,MIST LAV BICA AL ALAV PURIST CP,https://objectstorage.sa-saopaulo-1.oraclecloud.com/n/grsxg5eatn7l/b/produtos/o/produtos/14406BR-4.png
14406BR-4-RGD,MIST LAV BICA AL ALAV PURIST RGD,https://objectstorage.sa-saopaulo-1.oraclecloud.com/n/grsxg5eatn7l/b/produtos/o/produtos/14406BR-4.png
14408BR-4-CP,MIST LAV BICA AL ALAV PURIST CP,https://objectstorage.sa-saopaulo-1.oraclecloud.com/n/grsxg5eatn7l/b/produtos/o/produtos/14408BR-4.png
14415BR-4ND-CP,MIST LAV PAR ALAV PURIST CP,https://objectstorage.sa-saopaulo-1.oraclecloud.com/n/grsxg5eatn7l/b/produtos/o/produtos/14415BR-4ND.png
78333BR-4-CP,TORN LAV BICA AL CL ALAV PURIST CP,https://objectstorage.sa-saopaulo-1.oraclecloud.com/n/grsxg5eatn7l/b/produtos/o/produtos/78333BR-4.png
78333BR-4-RGD,TORN LAV BICA AL CL ALAV PURIST RGD,https://objectstorage.sa-saopaulo-1.oraclecloud.com/n/grsxg5eatn7l/b/produtos/o/produtos/78333BR-4.png
78362BR-4ND-CP,TORN LAV PAR CL ALAV PURIST CP,https://objectstorage.sa-saopaulo-1.oraclecloud.com/n/grsxg5eatn7l/b/produtos/o/produtos/78362BR-4ND.png
78361BR-4-CP,DUC HIGIENICA C REG ALAV PURIST CP,https://objectstorage.sa-saopaulo-1.oraclecloud.com/n/grsxg5eatn7l/b/produtos/o/produtos/78361BR-4.png
97051BR-4-CP,VALV ANGULAR ALAV PURIST CP,https://objectstorage.sa-saopaulo-1.oraclecloud.com/n/grsxg5eatn7l/b/produtos/o/produtos/97051BR-4.png
T11648BR-4-CP,ACAB MIST CHUV ALAV PURIST CP,https://objectstorage.sa-saopaulo-1.oraclecloud.com/n/grsxg5eatn7l/b/produtos/o/produtos/T11648BR-4.png
T11648BR-4-RGD,ACAB MIST CHUV ALAV PURIST CP,https://objectstorage.sa-saopaulo-1.oraclecloud.com/n/grsxg5eatn7l/b/produtos/o/produtos/T11648BR-4.png
T14488BR-4-CP,ACAB VALV TERMOST PURIST ALAV CR,https://objectstorage.sa-saopaulo-1.oraclecloud.com/n/grsxg5eatn7l/b/produtos/o/produtos/T14488BR-4.png
T14488BR-4-RGD,ACAB VALV TERMOST PURIST ALAV RGD,https://objectstorage.sa-saopaulo-1.oraclecloud.com/n/grsxg5eatn7l/b/produtos/o/produtos/T14488BR-4.png
T14490BR-4-CP,ACAB VALV CONTR VOL ALAV PURIST CP,https://objectstorage.sa-saopaulo-1.oraclecloud.com/n/grsxg5eatn7l/b/produtos/o/produtos/T14490BR-4.png
T14490BR-4-RGD,ACAB VALV CONTR VOL ALAV PURIST RGD,https://objectstorage.sa-saopaulo-1.oraclecloud.com/n/grsxg5eatn7l/b/produtos/o/produtos/T14490BR-4.png
T14491BR-4-CP,ACAB VALV DESV CHUV ALAV PURIST CP,https://objectstorage.sa-saopaulo-1.oraclecloud.com/n/grsxg5eatn7l/b/produtos/o/produtos/T14491BR-4.png
T14491BR-4-RGD,ACAB VALV DESV CHUV ALAV PURIST RGD,https://objectstorage.sa-saopaulo-1.oraclecloud.com/n/grsxg5eatn7l/b/produtos/o/produtos/T14491BR-4.png
T7362BR-4-CP,ACAB MIST MON CHUV ALAV PURIST CP,https://objectstorage.sa-saopaulo-1.oraclecloud.com/n/grsxg5eatn7l/b/produtos/o/produtos/T7362BR-4.png
T7362BR-4-RGD,ACAB MIST MON CHUV ALAV PURIST RGD,https://objectstorage.sa-saopaulo-1.oraclecloud.com/n/grsxg5eatn7l/b/produtos/o/produtos/T7362BR-4.png
T7356BR-4-CP,ACAB MIST MON CHUV/BANH ALAV PURIST CP,https://objectstorage.sa-saopaulo-1.oraclecloud.com/n/grsxg5eatn7l/b/produtos/o/produtos/T7356BR-4.png
T7356BR-4-RGD,ACAB MIST MON CHUV/BANH ALAV PURIST RGD,https://objectstorage.sa-saopaulo-1.oraclecloud.com/n/grsxg5eatn7l/b/produtos/o/produtos/T7356BR-4.png
T75710BR-4-BN,ACAB REG GAV/PRES ALAV PURIST BN,https://objectstorage.sa-saopaulo-1.oraclecloud.com/n/grsxg5eatn7l/b/produtos/o/produtos/T75710BR-4.png
T75710BR-4-CP,ACAB REG GAV/PRES ALAV PURIST CP,https://objectstorage.sa-saopaulo-1.oraclecloud.com/n/grsxg5eatn7l/b/produtos/o/produtos/T75710BR-4.png
T75710BR-4-RGD,ACAB REG GAV/PRES ALAV RGD,https://objectstorage.sa-saopaulo-1.oraclecloud.com/n/grsxg5eatn7l/b/produtos/o/produtos/T75710BR-4.png
14434BR-4A-CP,MIST MON BIDE ALAV PURIST CP,https://objectstorage.sa-saopaulo-1.oraclecloud.com/n/grsxg5eatn7l/b/produtos/o/produtos/14434BR-4A.png
10129BR-4-CP,MIST MON BANH ALAV PISO PURIST CP,https://objectstorage.sa-saopaulo-1.oraclecloud.com/n/grsxg5eatn7l/b/produtos/o/produtos/10129BR-4.png
14426BR-CP,BICA BANH PAR PURIST CP,https://objectstorage.sa-saopaulo-1.oraclecloud.com/n/grsxg5eatn7l/b/produtos/o/produtos/14426BR.png
14426BR-BN,BICA BANH PAR PURIST BN,https://objectstorage.sa-saopaulo-1.oraclecloud.com/n/grsxg5eatn7l/b/produtos/o/produtos/14426BR.png
14426BR-RGD,BICA BANH PAR PURIST RGD,https://objectstorage.sa-saopaulo-1.oraclecloud.com/n/grsxg5eatn7l/b/produtos/o/produtos/14426BR.png
14428BR-4-CP,MIST BANH ALAV PURIST CP,https://objectstorage.sa-saopaulo-1.oraclecloud.com/n/grsxg5eatn7l/b/produtos/o/produtos/14428BR-4.png
14435BR-BN,PORTA TOALHA BARRA PURIST 457MM BN,https://objectstorage.sa-saopaulo-1.oraclecloud.com/n/grsxg5eatn7l/b/produtos/o/produtos/14435BR.png
14435BR-CP,PORTA TOALHA BARRA PURIST 457MM CP,https://objectstorage.sa-saopaulo-1.oraclecloud.com/n/grsxg5eatn7l/b/produtos/o/produtos/14435BR.png
14436BR-BN,PORTA TOALHA BARRA PURIST 610MM BN,https://objectstorage.sa-saopaulo-1.oraclecloud.com/n/grsxg5eatn7l/b/produtos/o/produtos/14436BR.png
14436BR-CP,PORTA TOALHA BARRA PURIST 610MM CP,https://objectstorage.sa-saopaulo-1.oraclecloud.com/n/grsxg5eatn7l/b/produtos/o/produtos/14436BR.png
14436BR-RGD,PORTA TOALHA BARRA PURIST 610MM RGD,https://objectstorage.sa-saopaulo-1.oraclecloud.com/n/grsxg5eatn7l/b/produtos/o/produtos/14436BR.png
14381BR-CP,PORTA TOALHA TRIPLO PURIST 610MM CP,https://objectstorage.sa-saopaulo-1.oraclecloud.com/n/grsxg5eatn7l/b/produtos/o/produtos/14381BR.png
14440BR-CP,PRATELEIRA PURIST CP,https://objectstorage.sa-saopaulo-1.oraclecloud.com/n/grsxg5eatn7l/b/produtos/o/produtos/14440BR.png
14441BR-BN,PORTA TOALHA ARGOLA PURIST BN,https://objectstorage.sa-saopaulo-1.oraclecloud.com/n/grsxg5eatn7l/b/produtos/o/produtos/14441BR.png
14441BR-CP,PORTA TOALHA ARGOLA PURIST CP,https://objectstorage.sa-saopaulo-1.oraclecloud.com/n/grsxg5eatn7l/b/produtos/o/produtos/14441BR.png
14441BR-RGD,PORTA TOALHA ARGOLA PURIST RGD,https://objectstorage.sa-saopaulo-1.oraclecloud.com/n/grsxg5eatn7l/b/produtos/o/produtos/14441BR.png
14443BR-BN,CABIDE PURIST BN,https://objectstorage.sa-saopaulo-1.oraclecloud.com/n/grsxg5eatn7l/b/produtos/o/produtos/14443BR.png
14443BR-CP,CABIDE PURIST CP,https://objectstorage.sa-saopaulo-1.oraclecloud.com/n/grsxg5eatn7l/b/produtos/o/produtos/14443BR.png
14443BR-RGD,CABIDE PURIST RGD,https://objectstorage.sa-saopaulo-1.oraclecloud.com/n/grsxg5eatn7l/b/produtos/o/produtos/14443BR.png
14444BR-BN,PAPELEIRA VERTICAL PURIST BN,https://objectstorage.sa-saopaulo-1.oraclecloud.com/n/grsxg5eatn7l/b/produtos/o/produtos/14444BR.png
14444BR-CP,PAPELEIRA VERTICAL PURIST CP,https://objectstorage.sa-saopaulo-1.oraclecloud.com/n/grsxg5eatn7l/b/produtos/o/produtos/14444BR.png
14444BR-RGD,PAPELEIRA VERTICAL PURIST RGD,https://objectstorage.sa-saopaulo-1.oraclecloud.com/n/grsxg5eatn7l/b/produtos/o/produtos/14444BR.png
23484BR-4-CP,MIST LAV BICA BX PARALLEL CP,https://objectstorage.sa-saopaulo-1.oraclecloud.com/n/grsxg5eatn7l/b/produtos/o/produtos/23484BR-4.png
23484BR-4-BL,MIST LAV BICA BX PARALLEL BL,https://objectstorage.sa-saopaulo-1.oraclecloud.com/n/grsxg5eatn7l/b/produtos/o/produtos/23484BR-4.png
23484BR-4-RGD,MIST LAV BICA BX PARALLEL RGD,https://objectstorage.sa-saopaulo-1.oraclecloud.com/n/grsxg5eatn7l/b/produtos/o/produtos/23484BR-4.png
23472BR-4ND-CP,MIST MON LAV BICA BX PARALLEL CP,https://objectstorage.sa-saopaulo-1.oraclecloud.com/n/grsxg5eatn7l/b/produtos/o/produtos/23472BR-4ND.png
23472BR-4ND-BL,MIST MON LAV BICA BX PARALLEL BL,https://objectstorage.sa-saopaulo-1.oraclecloud.com/n/grsxg5eatn7l/b/produtos/o/produtos/23472BR-4ND.png
23472BR-4ND-BN,MIST MON LAV BICA BX PARALLEL BN,https://objectstorage.sa-saopaulo-1.oraclecloud.com/n/grsxg5eatn7l/b/produtos/o/produtos/23472BR-4ND.png
23472BR-4ND-RGD,MIST MON LAV BICA BX PARALLEL RGD,https://objectstorage.sa-saopaulo-1.oraclecloud.com/n/grsxg5eatn7l/b/produtos/o/produtos/23472BR-4ND.png
23475BR-4ND-CP,MIST MON LAV BICA AL PARALLEL CP,https://objectstorage.sa-saopaulo-1.oraclecloud.com/n/grsxg5eatn7l/b/produtos/o/produtos/23475BR-4ND.png
23475BR-4ND-BN,MIST MON LAV BICA AL PARALLEL BN,https://objectstorage.sa-saopaulo-1.oraclecloud.com/n/grsxg5eatn7l/b/produtos/o/produtos/23475BR-4ND.png
23475BR-4ND-BL,MIST MON LAV BICA AL PARALLEL BL,https://objectstorage.sa-saopaulo-1.oraclecloud.com/n/grsxg5eatn7l/b/produtos/o/produtos/23475BR-4ND.png
23475BR-4ND-RGD,MIST MON LAV BICA AL PARALLEL RGD,https://objectstorage.sa-saopaulo-1.oraclecloud.com/n/grsxg5eatn7l/b/produtos/o/produtos/23475BR-4ND.png
23492BR-4-CP,MIST MON BANH ALAV PISO PARALLEL CP,https://objectstorage.sa-saopaulo-1.oraclecloud.com/n/grsxg5eatn7l/b/produtos/o/produtos/23492BR-4.png
23492BR-4-BN,MIST MON BANH ALAV PISO PARALLEL BN,https://objectstorage.sa-saopaulo-1.oraclecloud.com/n/grsxg5eatn7l/b/produtos/o/produtos/23492BR-4.png
23492BR-4-BL,MIST MON BANH ALAV PISO PARALLEL BL,https://objectstorage.sa-saopaulo-1.oraclecloud.com/n/grsxg5eatn7l/b/produtos/o/produtos/23492BR-4.png
23492BR-4-RGD,MIST MON BANH ALAV PISO PARALLEL RGD,https://objectstorage.sa-saopaulo-1.oraclecloud.com/n/grsxg5eatn7l/b/produtos/o/produtos/23492BR-4.png
23524BR-CP,PORTA TOALHA BARRA PARALLEL 457MM CP,https://objectstorage.sa-saopaulo-1.oraclecloud.com/n/grsxg5eatn7l/b/produtos/o/produtos/23524BR.png
23524BR-BL,PORTA TOALHA BARRA PARALLEL 457MM BL,https://objectstorage.sa-saopaulo-1.oraclecloud.com/n/grsxg5eatn7l/b/produtos/o/produtos/23524BR.png
23524BR-RGD,PORTA TOALHA BARRA PARALLEL 457MM RGD,https://objectstorage.sa-saopaulo-1.oraclecloud.com/n/grsxg5eatn7l/b/produtos/o/produtos/23524BR.png
23525BR-CP,PORTA TOALHA BARRA PARALLEL 610MM CP,https://objectstorage.sa-saopaulo-1.oraclecloud.com/n/grsxg5eatn7l/b/produtos/o/produtos/23525BR.png
23525BR-BL,PORTA TOALHA BARRA PARALLEL 610MM BL,https://objectstorage.sa-saopaulo-1.oraclecloud.com/n/grsxg5eatn7l/b/produtos/o/produtos/23525BR.png
23525BR-RGD,PORTA TOALHA BARRA PARALLEL 610MM RGD,https://objectstorage.sa-saopaulo-1.oraclecloud.com/n/grsxg5eatn7l/b/produtos/o/produtos/23525BR.png
23526BR-CP,TOALHEIRO PARALLEL CP,https://objectstorage.sa-saopaulo-1.oraclecloud.com/n/grsxg5eatn7l/b/produtos/o/produtos/23526BR.png
23526BR-BL,TOALHEIRO PARALLEL BL,https://objectstorage.sa-saopaulo-1.oraclecloud.com/n/grsxg5eatn7l/b/produtos/o/produtos/23526BR.png
23526BR-RGD,TOALHEIRO PARALLEL RGD,https://objectstorage.sa-saopaulo-1.oraclecloud.com/n/grsxg5eatn7l/b/produtos/o/produtos/23526BR.png
23529BR-CP,CABIDE PARALLEL CP,https://objectstorage.sa-saopaulo-1.oraclecloud.com/n/grsxg5eatn7l/b/produtos/o/produtos/23529BR.png
23529BR-BL,CABIDE PARALLEL BL,https://objectstorage.sa-saopaulo-1.oraclecloud.com/n/grsxg5eatn7l/b/produtos/o/produtos/23529BR.png
23529BR-RGD,CABIDE PARALLEL RGD,https://objectstorage.sa-saopaulo-1.oraclecloud.com/n/grsxg5eatn7l/b/produtos/o/produtos/23529BR.png
23528BR-CP,PAPELEIRA PARALLEL CP,https://objectstorage.sa-saopaulo-1.oraclecloud.com/n/grsxg5eatn7l/b/produtos/o/produtos/23528BR.png
23528BR-BL,PAPELEIRA PARALLEL BL,https://objectstorage.sa-saopaulo-1.oraclecloud.com/n/grsxg5eatn7l/b/produtos/o/produtos/23528BR.png
23528BR-RGD,PAPELEIRA PARALLEL RGD,https://objectstorage.sa-saopaulo-1.oraclecloud.com/n/grsxg5eatn7l/b/produtos/o/produtos/23528BR.png
23527BR-CP,PAPELEIRA VERTICAL PARALLEL CP,https://objectstorage.sa-saopaulo-1.oraclecloud.com/n/grsxg5eatn7l/b/produtos/o/produtos/23527BR.png
72275BR-4ND-CP,MIST MON LAV BICA BX ALEO CP,https://objectstorage.sa-saopaulo-1.oraclecloud.com/n/grsxg5eatn7l/b/produtos/o/produtos/72275BR-4ND.png
72288BR-4ND-CP,TORN LAV BICA BX ALEO CP,https://objectstorage.sa-saopaulo-1.oraclecloud.com/n/grsxg5eatn7l/b/produtos/o/produtos/72288BR-4ND.png
72298BR-4ND-CP,MIST MON LAV BICA AL ALEO CP,https://objectstorage.sa-saopaulo-1.oraclecloud.com/n/grsxg5eatn7l/b/produtos/o/produtos/72298BR-4ND.png
98867BR-4-CP,MIST LAV BICA BX ALEO CP,https://objectstorage.sa-saopaulo-1.oraclecloud.com/n/grsxg5eatn7l/b/produtos/o/produtos/98867BR-4.png
72279BR-4-CP,MIST MON BIDÊ ALEO CP,https://objectstorage.sa-saopaulo-1.oraclecloud.com/n/grsxg5eatn7l/b/produtos/o/produtos/72279BR-4.png
T72290BR-4-CP,ACAB MIST MON CHUV/BANH ALEO CP,https://objectstorage.sa-saopaulo-1.oraclecloud.com/n/grsxg5eatn7l/b/produtos/o/produtos/T72290BR-4.png
T72291BR-4-CP,ACAB MIST MON CHUV ALEO CR,https://objectstorage.sa-saopaulo-1.oraclecloud.com/n/grsxg5eatn7l/b/produtos/o/produtos/T72291BR-4.png
T75729BR-4-CP,ACAB MIST CHUV ALEO CP,https://objectstorage.sa-saopaulo-1.oraclecloud.com/n/grsxg5eatn7l/b/produtos/o/produtos/T75729BR-4.png
T75728BR-4-CP,ACAB REG GAV/PRES ALEO CP,https://objectstorage.sa-saopaulo-1.oraclecloud.com/n/grsxg5eatn7l/b/produtos/o/produtos/T75728BR-4.png
72292BR-4-CP,MIST MON BANH BICA BX ALEO CP,https://objectstorage.sa-saopaulo-1.oraclecloud.com/n/grsxg5eatn7l/b/produtos/o/produtos/72292BR-4.png
27479BR-4ND-CP,MIST MON LAV BICA BX FORE ARC CP,https://objectstorage.sa-saopaulo-1.oraclecloud.com/n/grsxg5eatn7l/b/produtos/o/produtos/27479BR-4ND.png
27486BR-4-CP,TORN LAV BICA BX FORE ARC CP,https://objectstorage.sa-saopaulo-1.oraclecloud.com/n/grsxg5eatn7l/b/produtos/o/produtos/27486BR-4.png
74013BR-4ND-CP,MIST MON LAV BICA BX TAUT CP,https://objectstorage.sa-saopaulo-1.oraclecloud.com/n/grsxg5eatn7l/b/produtos/o/produtos/74013BR-4ND.png
74013BR-B4ND-BL,MIST MON LAV BICA BX TAUT BL,https://objectstorage.sa-saopaulo-1.oraclecloud.com/n/grsxg5eatn7l/b/produtos/o/produtos/74013BR-B4ND.png
74026BR-4BND-CP,MIST MON LAV BICA AL TAUT CP,https://objectstorage.sa-saopaulo-1.oraclecloud.com/n/grsxg5eatn7l/b/produtos/o/produtos/74026BR-4BND.png
74026BR-B4ND-BL,MIST MON LAV BICA AL TAUT BL,https://objectstorage.sa-saopaulo-1.oraclecloud.com/n/grsxg5eatn7l/b/produtos/o/produtos/74026BR-B4ND.png
74028BR-4ND-CP,TORN LAV BICA BX TAUT CP,https://objectstorage.sa-saopaulo-1.oraclecloud.com/n/grsxg5eatn7l/b/produtos/o/produtos/74028BR-4ND.png
74028BR-4ND-BL,TORN LAV BICA BX TAUT BL,https://objectstorage.sa-saopaulo-1.oraclecloud.com/n/grsxg5eatn7l/b/produtos/o/produtos/74028BR-4ND.png
74029BR-4ND-CP,TORN LAV BICA AL TAUT CP,https://objectstorage.sa-saopaulo-1.oraclecloud.com/n/grsxg5eatn7l/b/produtos/o/produtos/74029BR-4ND.png
74030BR-4-CP,MIST MON BIDE TAUT CP,https://objectstorage.sa-saopaulo-1.oraclecloud.com/n/grsxg5eatn7l/b/produtos/o/produtos/74030BR-4.png
T74039BR-4-CP,ACAB MIST MON CHUV TAUT CP,https://objectstorage.sa-saopaulo-1.oraclecloud.com/n/grsxg5eatn7l/b/produtos/o/produtos/T74039BR-4.png
T74039BR-4-BL,ACAB MIST MON CHUV TAUT BL,https://objectstorage.sa-saopaulo-1.oraclecloud.com/n/grsxg5eatn7l/b/produtos/o/produtos/T74039BR-4.png
T74039BR-4-RGD,ACAB MIST MON CHUV TAUT RGD,https://objectstorage.sa-saopaulo-1.oraclecloud.com/n/grsxg5eatn7l/b/produtos/o/produtos/T74039BR-4.png
T74041BR-4-CP,ACAB MIST MON CHUV/BANH TAUT CP,https://objectstorage.sa-saopaulo-1.oraclecloud.com/n/grsxg5eatn7l/b/produtos/o/produtos/T74041BR-4.png
T74041BR-4-BL,ACAB MIST MON CHUV/BANH TAUT BL,https://objectstorage.sa-saopaulo-1.oraclecloud.com/n/grsxg5eatn7l/b/produtos/o/produtos/T74041BR-4.png
T74041BR-4-RGD,ACAB MIST MON CHUV/BANH TAUT RGD,https://objectstorage.sa-saopaulo-1.oraclecloud.com/n/grsxg5eatn7l/b/produtos/o/produtos/T74041BR-4.png
T97098BR-4-CP,ACAB REG GAV/PRES TAUT CP,https://objectstorage.sa-saopaulo-1.oraclecloud.com/n/grsxg5eatn7l/b/produtos/o/produtos/T97098BR-4.png
T97098BR-4-BL,ACAB REG GAV/PRES TAUT BL,https://objectstorage.sa-saopaulo-1.oraclecloud.com/n/grsxg5eatn7l/b/produtos/o/produtos/T97098BR-4.png
T97099BR-4-CP,ACAB MIST CHUV TAUT CP,https://objectstorage.sa-saopaulo-1.oraclecloud.com/n/grsxg5eatn7l/b/produtos/o/produtos/T97099BR-4.png
T97099BR-4-BL,ACAB MIST CHUV TAUT BL,https://objectstorage.sa-saopaulo-1.oraclecloud.com/n/grsxg5eatn7l/b/produtos/o/produtos/T97099BR-4.png
27480BR-4ND-CP,MIST MON LAV BICA AL FORE LINE CP,https://objectstorage.sa-saopaulo-1.oraclecloud.com/n/grsxg5eatn7l/b/produtos/o/produtos/27480BR-4ND.png
27478BR-4ND-CP,MIST MON LAV BICA BX FORE LINE CP,https://objectstorage.sa-saopaulo-1.oraclecloud.com/n/grsxg5eatn7l/b/produtos/o/produtos/27478BR-4ND.png
27485BR-4-CP,TORN LAV BICA BX FORE LINE CP,https://objectstorage.sa-saopaulo-1.oraclecloud.com/n/grsxg5eatn7l/b/produtos/o/produtos/27485BR-4.png
98827BR-4ND-CP,MIST MON LAV BICA BX KUMIN CP,https://objectstorage.sa-saopaulo-1.oraclecloud.com/n/grsxg5eatn7l/b/produtos/o/produtos/98827BR-4ND.png
99448BR-4ND-CP,MIST MON LAV BICA AL KUMIN CP,https://objectstorage.sa-saopaulo-1.oraclecloud.com/n/grsxg5eatn7l/b/produtos/o/produtos/99448BR-4ND.png
99452BR-4ND-CP,TORN LAV BICA BX KUMIN CP,https://objectstorage.sa-saopaulo-1.oraclecloud.com/n/grsxg5eatn7l/b/produtos/o/produtos/99452BR-4ND.png
99453BR-4ND-CP,TORN LAV BICA AL KUMIN CP,https://objectstorage.sa-saopaulo-1.oraclecloud.com/n/grsxg5eatn7l/b/produtos/o/produtos/99453BR-4ND.png
99455BR-4-CP,MIST LAV BICA BX KUMIN CP,https://objectstorage.sa-saopaulo-1.oraclecloud.com/n/grsxg5eatn7l/b/produtos/o/produtos/99455BR-4.png
99456BR-4-CP,MIST MON BIDE KUMIN CP,https://objectstorage.sa-saopaulo-1.oraclecloud.com/n/grsxg5eatn7l/b/produtos/o/produtos/99456BR-4.png
T75737BR-4-CP,ACAB REG GAV/PRES KUMIN CP,https://objectstorage.sa-saopaulo-1.oraclecloud.com/n/grsxg5eatn7l/b/produtos/o/produtos/T75737BR-4.png
T75738BR-4-CP,ACAB MIST CHUV KUMIN CP,https://objectstorage.sa-saopaulo-1.oraclecloud.com/n/grsxg5eatn7l/b/produtos/o/produtos/T75738BR-4.png
T99471BR-4-CP,ACAB MIST MON CHUV KUMIN CP,https://objectstorage.sa-saopaulo-1.oraclecloud.com/n/grsxg5eatn7l/b/produtos/o/produtos/T99471BR-4.png
T99472BR-4-CP,ACAB MIST MON CHUV/BANH KUMIN CP,https://objectstorage.sa-saopaulo-1.oraclecloud.com/n/grsxg5eatn7l/b/produtos/o/produtos/T99472BR-4.png
15238BR-4ND-CP,MIST MON LAV BICA AL JULY CP,https://objectstorage.sa-saopaulo-1.oraclecloud.com/n/grsxg5eatn7l/b/produtos/o/produtos/15238BR-4ND.png
16027BR-4ND-CP,MIST MON LAV BICA BX JULY CP,https://objectstorage.sa-saopaulo-1.oraclecloud.com/n/grsxg5eatn7l/b/produtos/o/produtos/16027BR-4ND.png
16028BR-4-CP,MIST MON BIDE JULY CP,https://objectstorage.sa-saopaulo-1.oraclecloud.com/n/grsxg5eatn7l/b/produtos/o/produtos/16028BR-4.png
16312BR-4ND-CP,TORN LAV BICA BX JULY CP,https://objectstorage.sa-saopaulo-1.oraclecloud.com/n/grsxg5eatn7l/b/produtos/o/produtos/16312BR-4ND.png
11543BR-4ND-CP,TORN LAV BICA AL JULY CP,https://objectstorage.sa-saopaulo-1.oraclecloud.com/n/grsxg5eatn7l/b/produtos/o/produtos/11543BR-4ND.png
20747BR-8-CP,TORN LAV FECHAM AUTOMAT SOFT-PRESS CP,https://objectstorage.sa-saopaulo-1.oraclecloud.com/n/grsxg5eatn7l/b/produtos/o/produtos/20747BR-8.png
75730BR-4-CP,DUC HIGIENICA C REG JULY CP,https://objectstorage.sa-saopaulo-1.oraclecloud.com/n/grsxg5eatn7l/b/produtos/o/produtos/75730BR-4.png
16086BR-4-CP,VALV ANGULAR JULY CP,https://objectstorage.sa-saopaulo-1.oraclecloud.com/n/grsxg5eatn7l/b/produtos/o/produtos/16086BR-4.png
16086BR-4-BN,VALV ANGULAR JULY BN,https://objectstorage.sa-saopaulo-1.oraclecloud.com/n/grsxg5eatn7l/b/produtos/o/produtos/16086BR-4.png
16086BR-4-BL,VALV ANGULAR JULY BL,https://objectstorage.sa-saopaulo-1.oraclecloud.com/n/grsxg5eatn7l/b/produtos/o/produtos/16086BR-4.png
16086BR-4-RGD,VALV ANGULAR JULY RGD,https://objectstorage.sa-saopaulo-1.oraclecloud.com/n/grsxg5eatn7l/b/produtos/o/produtos/16086BR-4.png
T16087BR-4-CP,ACAB REG GAV/PRES JULY CP,https://objectstorage.sa-saopaulo-1.oraclecloud.com/n/grsxg5eatn7l/b/produtos/o/produtos/T16087BR-4.png
T16316BR-4-CP,ACAB MIST MON CHUV/BANH JULY CP,https://objectstorage.sa-saopaulo-1.oraclecloud.com/n/grsxg5eatn7l/b/produtos/o/produtos/T16316BR-4.png
T16317BR-4-CP,ACAB MIST MON CHUV JULY CP,https://objectstorage.sa-saopaulo-1.oraclecloud.com/n/grsxg5eatn7l/b/produtos/o/produtos/T16317BR-4.png
T75733BR-4-CP,ACAB MIST CHUV JULY CP,https://objectstorage.sa-saopaulo-1.oraclecloud.com/n/grsxg5eatn7l/b/produtos/o/produtos/T75733BR-4.png
7314BR-CP,SIFÃO PARA LAVATÓRIO CP,https://objectstorage.sa-saopaulo-1.oraclecloud.com/n/grsxg5eatn7l/b/produtos/o/produtos/7314BR.png
7314BR-BL,SIFÃO PARA LAVATÓRIO BL,https://objectstorage.sa-saopaulo-1.oraclecloud.com/n/grsxg5eatn7l/b/produtos/o/produtos/7314BR.png
7314BR-BN,SIFÃO PARA LAVATÓRIO BN,https://objectstorage.sa-saopaulo-1.oraclecloud.com/n/grsxg5eatn7l/b/produtos/o/produtos/7314BR.png
7314BR-RGD,SIFÃO PARA LAVATÓRIO RGD,https://objectstorage.sa-saopaulo-1.oraclecloud.com/n/grsxg5eatn7l/b/produtos/o/produtos/7314BR.png
27286BR-BN,PORTA TOALHA BARRA ELATE 457MM BN,https://objectstorage.sa-saopaulo-1.oraclecloud.com/n/grsxg5eatn7l/b/produtos/o/produtos/27286BR.png
27286BR-BL,PORTA TOALHA BARRA ELATE 457MM BL,https://objectstorage.sa-saopaulo-1.oraclecloud.com/n/grsxg5eatn7l/b/produtos/o/produtos/27286BR.png
27286BR-CP,PORTA TOALHA BARRA ELATE 457MM CP,https://objectstorage.sa-saopaulo-1.oraclecloud.com/n/grsxg5eatn7l/b/produtos/o/produtos/27286BR.png
27286BR-RGD,PORTA TOALHA BARRA ELATE 457MM RGD,https://objectstorage.sa-saopaulo-1.oraclecloud.com/n/grsxg5eatn7l/b/produtos/o/produtos/27286BR.png
27287BR-BN,PORTA TOALHA BARRA ELATE 610MM BN,https://objectstorage.sa-saopaulo-1.oraclecloud.com/n/grsxg5eatn7l/b/produtos/o/produtos/27287BR.png
27287BR-BL,PORTA TOALHA BARRA ELATE 610MM BL,https://objectstorage.sa-saopaulo-1.oraclecloud.com/n/grsxg5eatn7l/b/produtos/o/produtos/27287BR.png
27287BR-CP,PORTA TOALHA BARRA ELATE 610MM CP,https://objectstorage.sa-saopaulo-1.oraclecloud.com/n/grsxg5eatn7l/b/produtos/o/produtos/27287BR.png
27287BR-RGD,PORTA TOALHA BARRA ELATE 610MM RGD,https://objectstorage.sa-saopaulo-1.oraclecloud.com/n/grsxg5eatn7l/b/produtos/o/produtos/27287BR.png
27290BR-BN,CABIDE ELATE BN,https://objectstorage.sa-saopaulo-1.oraclecloud.com/n/grsxg5eatn7l/b/produtos/o/produtos/27290BR.png
27290BR-BL,CABIDE ELATE BL,https://objectstorage.sa-saopaulo-1.oraclecloud.com/n/grsxg5eatn7l/b/produtos/o/produtos/27290BR.png
27290BR-CP,CABIDE ELATE CP,https://objectstorage.sa-saopaulo-1.oraclecloud.com/n/grsxg5eatn7l/b/produtos/o/produtos/27290BR.png
27290BR-RGD,CABIDE ELATE RGD,https://objectstorage.sa-saopaulo-1.oraclecloud.com/n/grsxg5eatn7l/b/produtos/o/produtos/27290BR.png
27291BR-BN,TOALHEIRO ELATE BN,https://objectstorage.sa-saopaulo-1.oraclecloud.com/n/grsxg5eatn7l/b/produtos/o/produtos/27291BR.png
27291BR-BL,TOALHEIRO ELATE BL,https://objectstorage.sa-saopaulo-1.oraclecloud.com/n/grsxg5eatn7l/b/produtos/o/produtos/27291BR.png
27291BR-CP,TOALHEIRO ELATE CP,https://objectstorage.sa-saopaulo-1.oraclecloud.com/n/grsxg5eatn7l/b/produtos/o/produtos/27291BR.png
27291BR-RGD,TOALHEIRO ELATE RGD,https://objectstorage.sa-saopaulo-1.oraclecloud.com/n/grsxg5eatn7l/b/produtos/o/produtos/27291BR.png
27292BR-BN,PAPELEIRA ELATE BN,https://objectstorage.sa-saopaulo-1.oraclecloud.com/n/grsxg5eatn7l/b/produtos/o/produtos/27292BR.png
27292BR-BL,PAPELEIRA ELATE BL,https://objectstorage.sa-saopaulo-1.oraclecloud.com/n/grsxg5eatn7l/b/produtos/o/produtos/27292BR.png
27292BR-CP,PAPELEIRA ELATE CP,https://objectstorage.sa-saopaulo-1.oraclecloud.com/n/grsxg5eatn7l/b/produtos/o/produtos/27292BR.png
27292BR-RGD,PAPELEIRA ELATE RGD,https://objectstorage.sa-saopaulo-1.oraclecloud.com/n/grsxg5eatn7l/b/produtos/o/produtos/27292BR.png
23284BR-BN,PORTA TOALHA BARRA SQUARE 457MM BN,https://objectstorage.sa-saopaulo-1.oraclecloud.com/n/grsxg5eatn7l/b/produtos/o/produtos/23284BR.png
23284BR-BL,PORTA TOALHA BARRA SQUARE 457MM BL,https://objectstorage.sa-saopaulo-1.oraclecloud.com/n/grsxg5eatn7l/b/produtos/o/produtos/23284BR.png
23284BR-CP,PORTA TOALHA BARRA SQUARE 457MM CP,https://objectstorage.sa-saopaulo-1.oraclecloud.com/n/grsxg5eatn7l/b/produtos/o/produtos/23284BR.png
23285BR-BN,PORTA TOALHA BARRA SQUARE 610MM BN,https://objectstorage.sa-saopaulo-1.oraclecloud.com/n/grsxg5eatn7l/b/produtos/o/produtos/23285BR.png
23285BR-BL,PORTA TOALHA BARRA SQUARE 610MM BL,https://objectstorage.sa-saopaulo-1.oraclecloud.com/n/grsxg5eatn7l/b/produtos/o/produtos/23285BR.png
23285BR-CP,PORTA TOALHA BARRA SQUARE 610MM CP,https://objectstorage.sa-saopaulo-1.oraclecloud.com/n/grsxg5eatn7l/b/produtos/o/produtos/23285BR.png
23290BR-BN,CABIDE SQUARE BN,https://objectstorage.sa-saopaulo-1.oraclecloud.com/n/grsxg5eatn7l/b/produtos/o/produtos/23290BR.png
23290BR-BL,CABIDE SQUARE BL,https://objectstorage.sa-saopaulo-1.oraclecloud.com/n/grsxg5eatn7l/b/produtos/o/produtos/23290BR.png
23290BR-CP,CABIDE SQUARE CP,https://objectstorage.sa-saopaulo-1.oraclecloud.com/n/grsxg5eatn7l/b/produtos/o/produtos/23290BR.png
23291BR-BN,TOALHEIRO SQUARE BN,https://objectstorage.sa-saopaulo-1.oraclecloud.com/n/grsxg5eatn7l/b/produtos/o/produtos/23291BR.png
23291BR-BL,TOALHEIRO SQUARE BL,https://objectstorage.sa-saopaulo-1.oraclecloud.com/n/grsxg5eatn7l/b/produtos/o/produtos/23291BR.png
23291BR-CP,TOALHEIRO SQUARE CP,https://objectstorage.sa-saopaulo-1.oraclecloud.com/n/grsxg5eatn7l/b/produtos/o/produtos/23291BR.png
23292BR-BN,PAPELEIRA SQUARE BN,https://objectstorage.sa-saopaulo-1.oraclecloud.com/n/grsxg5eatn7l/b/produtos/o/produtos/23292BR.png
23292BR-BL,PAPELEIRA SQUARE BL,https://objectstorage.sa-saopaulo-1.oraclecloud.com/n/grsxg5eatn7l/b/produtos/o/produtos/23292BR.png
23292BR-CP,PAPELEIRA SQUARE CP,https://objectstorage.sa-saopaulo-1.oraclecloud.com/n/grsxg5eatn7l/b/produtos/o/produtos/23292BR.png
72419BR-CP,CHUV RED MULTIF S/T PAR AWAKEN 110MM CP,https://objectstorage.sa-saopaulo-1.oraclecloud.com/n/grsxg5eatn7l/b/produtos/o/produtos/72419BR.png
72425BR-CP,CHUV RED MULTIF S/T PAR AWAKEN 107MM CP,https://objectstorage.sa-saopaulo-1.oraclecloud.com/n/grsxg5eatn7l/b/produtos/o/produtos/72425BR.png
10282BR-AK-CP,CHUV RED S/T PAR FORTE 140MM CP,https://objectstorage.sa-saopaulo-1.oraclecloud.com/n/grsxg5eatn7l/b/produtos/o/produtos/10282BR-AK.png
14486BR-AK-BN,CHUV RED TETO S/T PURIST 138MM BN,https://objectstorage.sa-saopaulo-1.oraclecloud.com/n/grsxg5eatn7l/b/produtos/o/produtos/14486BR-AK.png
14486BR-AK-CP,CHUV RED TETO S/T PURIST 138MM CP,https://objectstorage.sa-saopaulo-1.oraclecloud.com/n/grsxg5eatn7l/b/produtos/o/produtos/14486BR-AK.png
939BR-G-BN,CHUV RED S/T PURIST 140MM BN,https://objectstorage.sa-saopaulo-1.oraclecloud.com/n/grsxg5eatn7l/b/produtos/o/produtos/939BR-G.png
939BR-G-BL,CHUV RED S/T PURIST 140MM BL,https://objectstorage.sa-saopaulo-1.oraclecloud.com/n/grsxg5eatn7l/b/produtos/o/produtos/939BR-G.png
939BR-G-CP,CHUV RED S/T PURIST 140MM CP,https://objectstorage.sa-saopaulo-1.oraclecloud.com/n/grsxg5eatn7l/b/produtos/o/produtos/939BR-G.png
939BR-G-RGD,CHUV RED S/T PURIST 140MM RGD,https://objectstorage.sa-saopaulo-1.oraclecloud.com/n/grsxg5eatn7l/b/produtos/o/produtos/939BR-G.png
22170BR-BN,CHUV RED  S/T PURIST MULT 138MM BN,https://objectstorage.sa-saopaulo-1.oraclecloud.com/n/grsxg5eatn7l/b/produtos/o/produtos/22170BR.png
22170BR-BL,CHUV RED  S/T PURIST MULT 138MM BL,https://objectstorage.sa-saopaulo-1.oraclecloud.com/n/grsxg5eatn7l/b/produtos/o/produtos/22170BR.png
22170BR-CP,CHUV RED  S/T PURIST MULT 138MM CP,https://objectstorage.sa-saopaulo-1.oraclecloud.com/n/grsxg5eatn7l/b/produtos/o/produtos/22170BR.png
22170BR-RGD,CHUV RED  S/T PURIST MULT 138MM RGD,https://objectstorage.sa-saopaulo-1.oraclecloud.com/n/grsxg5eatn7l/b/produtos/o/produtos/22170BR.png
24805BR-CP,CHUV QUAD S/T PARALLEL 127MM CP,https://objectstorage.sa-saopaulo-1.oraclecloud.com/n/grsxg5eatn7l/b/produtos/o/produtos/24805BR.png
24805BR-BL,CHUV QUAD S/T PARALLEL 127MM BL,https://objectstorage.sa-saopaulo-1.oraclecloud.com/n/grsxg5eatn7l/b/produtos/o/produtos/24805BR.png
24805BR-RGD,CHUV QUAD S/T PARALLEL 127MM RGD,https://objectstorage.sa-saopaulo-1.oraclecloud.com/n/grsxg5eatn7l/b/produtos/o/produtos/24805BR.png
9301BR-CL-CP,CHUV QUAD TETO S/T LOURE U-TH 384MM CP,https://objectstorage.sa-saopaulo-1.oraclecloud.com/n/grsxg5eatn7l/b/produtos/o/produtos/9301BR-CL.png
13689BR-CP,CHUV RED TETO S/T CONT KTLT 254MM CP,https://objectstorage.sa-saopaulo-1.oraclecloud.com/n/grsxg5eatn7l/b/produtos/o/produtos/13689BR.png
15994BR-CL-CP,CHUV RED TETO S/T CONT KTLT 356MM CR,https://objectstorage.sa-saopaulo-1.oraclecloud.com/n/grsxg5eatn7l/b/produtos/o/produtos/15994BR-CL.png
13691BR-CP,CHUV RED TETO S/T CONT KTLT 356MM CP,https://objectstorage.sa-saopaulo-1.oraclecloud.com/n/grsxg5eatn7l/b/produtos/o/produtos/13691BR.png
9302BR-CL-CP,CHUV QUAD TETO S/T LOURE U-TH 335MM CP,https://objectstorage.sa-saopaulo-1.oraclecloud.com/n/grsxg5eatn7l/b/produtos/o/produtos/9302BR-CL.png
13690BR-CP,CHUV RED TETO S/T CONT KTLT 305MM CP,https://objectstorage.sa-saopaulo-1.oraclecloud.com/n/grsxg5eatn7l/b/produtos/o/produtos/13690BR.png
18361BR-CL-BN,CHUV QUAD TETO S/T CONT KTLT 254MM BN,https://objectstorage.sa-saopaulo-1.oraclecloud.com/n/grsxg5eatn7l/b/produtos/o/produtos/18361BR-CL.png
18361BR-CL-BL,CHUV QUAD TETO S/T CONT KTLT 254MM BL,https://objectstorage.sa-saopaulo-1.oraclecloud.com/n/grsxg5eatn7l/b/produtos/o/produtos/18361BR-CL.png
18361BR-CL-CP,CHUV QUAD TETO S/T CONT KTLT 254MM CP,https://objectstorage.sa-saopaulo-1.oraclecloud.com/n/grsxg5eatn7l/b/produtos/o/produtos/18361BR-CL.png
18361BR-CL-RGD,CHUV QUAD TETO S/T CONT KTLT 254MM RGD,https://objectstorage.sa-saopaulo-1.oraclecloud.com/n/grsxg5eatn7l/b/produtos/o/produtos/18361BR-CL.png
18361BR-CL-TT,CHUV QUAD TETO S/T CONT KTLT 254MM TT,https://objectstorage.sa-saopaulo-1.oraclecloud.com/n/grsxg5eatn7l/b/produtos/o/produtos/18361BR-CL.png
15992BR-CL-CP,CHUV RED TETO S/T CONT KTLT 304MM CP,https://objectstorage.sa-saopaulo-1.oraclecloud.com/n/grsxg5eatn7l/b/produtos/o/produtos/15992BR-CL.png
18359BR-CL-BN,CHUV RED TETO S/T CONT KTLT 254MM BN,https://objectstorage.sa-saopaulo-1.oraclecloud.com/n/grsxg5eatn7l/b/produtos/o/produtos/18359BR-CL.png
18359BR-CL-BL,CHUV RED TETO S/T CONT KTLT 254MM BL,https://objectstorage.sa-saopaulo-1.oraclecloud.com/n/grsxg5eatn7l/b/produtos/o/produtos/18359BR-CL.png
18359BR-CL-CP,CHUV RED TETO S/T CONT KTLT 254MM CP,https://objectstorage.sa-saopaulo-1.oraclecloud.com/n/grsxg5eatn7l/b/produtos/o/produtos/18359BR-CL.png
18359BR-CL-TT,CHUV RED TETO S/T CONT KTLT 254MM TT,https://objectstorage.sa-saopaulo-1.oraclecloud.com/n/grsxg5eatn7l/b/produtos/o/produtos/18359BR-CL.png
18359BR-CL-RGD,CHUV RED TETO S/T CONT KTLT 254MM RGD,https://objectstorage.sa-saopaulo-1.oraclecloud.com/n/grsxg5eatn7l/b/produtos/o/produtos/18359BR-CL.png
18360BR-CL-BN,CHUV QUAD TETO S/T CONT KTLT 203MM BN,https://objectstorage.sa-saopaulo-1.oraclecloud.com/n/grsxg5eatn7l/b/produtos/o/produtos/18360BR-CL.png
18360BR-CL-BL,CHUV QUAD TETO S/T CONT KTLT 203MM BL,https://objectstorage.sa-saopaulo-1.oraclecloud.com/n/grsxg5eatn7l/b/produtos/o/produtos/18360BR-CL.png
18360BR-CL-CP,CHUV QUAD TETO S/T CONT KTLT 203MM CP,https://objectstorage.sa-saopaulo-1.oraclecloud.com/n/grsxg5eatn7l/b/produtos/o/produtos/18360BR-CL.png
18360BR-CL-RGD,CHUV QUAD TETO S/T CONT KTLT 203MM RGD,https://objectstorage.sa-saopaulo-1.oraclecloud.com/n/grsxg5eatn7l/b/produtos/o/produtos/18360BR-CL.png
13695BR-CP,CHUV QUAD TETO S/T CONT KTLT 203MM CP,https://objectstorage.sa-saopaulo-1.oraclecloud.com/n/grsxg5eatn7l/b/produtos/o/produtos/13695BR.png
15990BR-CL-CP,CHUV RED TETO S/T TRAD KTLT 213MM CP,https://objectstorage.sa-saopaulo-1.oraclecloud.com/n/grsxg5eatn7l/b/produtos/o/produtos/15990BR-CL.png
13688BR-CP,CHUV RED TETO S/T CONT KTLT 203MM CP,https://objectstorage.sa-saopaulo-1.oraclecloud.com/n/grsxg5eatn7l/b/produtos/o/produtos/13688BR.png
18358BR-CL-BN,CHUV RED TETO S/T CONT KTLT 203MM BN,https://objectstorage.sa-saopaulo-1.oraclecloud.com/n/grsxg5eatn7l/b/produtos/o/produtos/18358BR-CL.png
18358BR-CL-BL,CHUV RED TETO S/T CONT KTLT 203MM BL,https://objectstorage.sa-saopaulo-1.oraclecloud.com/n/grsxg5eatn7l/b/produtos/o/produtos/18358BR-CL.png
18358BR-CL-CP,CHUV RED TETO S/T CONT KTLT 203MM CP,https://objectstorage.sa-saopaulo-1.oraclecloud.com/n/grsxg5eatn7l/b/produtos/o/produtos/18358BR-CL.png
18358BR-CL-RGD,CHUV RED TETO S/T CONT KTLT 203MM RGD,https://objectstorage.sa-saopaulo-1.oraclecloud.com/n/grsxg5eatn7l/b/produtos/o/produtos/18358BR-CL.png
73040BR-CL-CP,CHUV QUAD TETO S/T XPRESS U-TH 254MM CP,https://objectstorage.sa-saopaulo-1.oraclecloud.com/n/grsxg5eatn7l/b/produtos/o/produtos/73040BR-CL.png
73039BR-CL-CP,CHUV RED TETO S/T XPRESS U-TH 254MM CP,https://objectstorage.sa-saopaulo-1.oraclecloud.com/n/grsxg5eatn7l/b/produtos/o/produtos/73039BR-CL.png
73038BR-CL-CP,CHUV QUAD TETO XPRESS 203MM CP,https://objectstorage.sa-saopaulo-1.oraclecloud.com/n/grsxg5eatn7l/b/produtos/o/produtos/73038BR-CL.png
73037BR-CL-CP,CHUV RED TETO XPRESS 203MM CP,https://objectstorage.sa-saopaulo-1.oraclecloud.com/n/grsxg5eatn7l/b/produtos/o/produtos/73037BR-CL.png
99946BR-CL-CP,CHUV QUAD TETO S/T XPRESS 203MM CP,https://objectstorage.sa-saopaulo-1.oraclecloud.com/n/grsxg5eatn7l/b/produtos/o/produtos/99946BR-CL.png
99945BR-CL-CP,CHUV RED TETO S/T XPRESS 203MM CP,https://objectstorage.sa-saopaulo-1.oraclecloud.com/n/grsxg5eatn7l/b/produtos/o/produtos/99945BR-CL.png
15343BR-CP,CHUV RED S/T RAIN DUET 182MM CP,https://objectstorage.sa-saopaulo-1.oraclecloud.com/n/grsxg5eatn7l/b/produtos/o/produtos/15343BR.png
72439BR-CP,CHUV RED S/T PAR CITRUS 101MM CP,https://objectstorage.sa-saopaulo-1.oraclecloud.com/n/grsxg5eatn7l/b/produtos/o/produtos/72439BR.png
45209BR-CP,COLUNA DE BANHO HYDRORAIL R-ARCH CP,https://objectstorage.sa-saopaulo-1.oraclecloud.com/n/grsxg5eatn7l/b/produtos/o/produtos/45209BR.png
45210BR-CP,COLUNA DE BANHO HYDRORAIL R-BEAM CP,https://objectstorage.sa-saopaulo-1.oraclecloud.com/n/grsxg5eatn7l/b/produtos/o/produtos/45210BR.png
26314BR-CP,BARRA DESLIZANTE GCS - 800MM CP,https://objectstorage.sa-saopaulo-1.oraclecloud.com/n/grsxg5eatn7l/b/produtos/o/produtos/26314BR.png
26314BR-BL,BARRA DESLIZANTE GCS - 800MM BL,https://objectstorage.sa-saopaulo-1.oraclecloud.com/n/grsxg5eatn7l/b/produtos/o/produtos/26314BR.png
26314BR-BN,BARRA DESLIZANTE GCS - 800MM BN,https://objectstorage.sa-saopaulo-1.oraclecloud.com/n/grsxg5eatn7l/b/produtos/o/produtos/26314BR.png
26325BR-CP,TUBO CHUV TETO GCS - 127MM CP,https://objectstorage.sa-saopaulo-1.oraclecloud.com/n/grsxg5eatn7l/b/produtos/o/produtos/26325BR.png
26325BR-BL,TUBO CHUV TETO GCS - 127MM BL,https://objectstorage.sa-saopaulo-1.oraclecloud.com/n/grsxg5eatn7l/b/produtos/o/produtos/26325BR.png
26325BR-BN,TUBO CHUV TETO GCS - 127MM BN,https://objectstorage.sa-saopaulo-1.oraclecloud.com/n/grsxg5eatn7l/b/produtos/o/produtos/26325BR.png
26323BR-CP,TUBO CHUV PAREDE GCS - 356MM CP,https://objectstorage.sa-saopaulo-1.oraclecloud.com/n/grsxg5eatn7l/b/produtos/o/produtos/26323BR.png
26323BR-BL,TUBO CHUV PAREDE GCS - 356MM BL,https://objectstorage.sa-saopaulo-1.oraclecloud.com/n/grsxg5eatn7l/b/produtos/o/produtos/26323BR.png
26323BR-BN,TUBO CHUV PAREDE GCS - 356MM BN,https://objectstorage.sa-saopaulo-1.oraclecloud.com/n/grsxg5eatn7l/b/produtos/o/produtos/26323BR.png
26284BR-CP,DUCHA MANUAL ELÍPTICA GCS CP,https://objectstorage.sa-saopaulo-1.oraclecloud.com/n/grsxg5eatn7l/b/produtos/o/produtos/26284BR.png
26284BR-BL,DUCHA MANUAL ELÍPTICA GCS BL,https://objectstorage.sa-saopaulo-1.oraclecloud.com/n/grsxg5eatn7l/b/produtos/o/produtos/26284BR.png
26284BR-BN,DUCHA MANUAL ELÍPTICA GCS BN,https://objectstorage.sa-saopaulo-1.oraclecloud.com/n/grsxg5eatn7l/b/produtos/o/produtos/26284BR.png
26290BR-CP,CHUV PAREDE GCS - 135-150MM CP,https://objectstorage.sa-saopaulo-1.oraclecloud.com/n/grsxg5eatn7l/b/produtos/o/produtos/26290BR.png
26290BR-BL,CHUV PAREDE GCS - 135-150MM BL,https://objectstorage.sa-saopaulo-1.oraclecloud.com/n/grsxg5eatn7l/b/produtos/o/produtos/26290BR.png
26290BR-BN,CHUV PAREDE GCS - 135-150MM BN,https://objectstorage.sa-saopaulo-1.oraclecloud.com/n/grsxg5eatn7l/b/produtos/o/produtos/26290BR.png
26291BR-CP,CHUV RED TETO GCS KATALYST - 254MM CP,https://objectstorage.sa-saopaulo-1.oraclecloud.com/n/grsxg5eatn7l/b/produtos/o/produtos/26291BR.png
26291BR-BL,CHUV RED TETO GCS KATALYST - 254MM BL,https://objectstorage.sa-saopaulo-1.oraclecloud.com/n/grsxg5eatn7l/b/produtos/o/produtos/26291BR.png
26291BR-BN,CHUV RED TETO GCS KATALYST - 254MM BN,https://objectstorage.sa-saopaulo-1.oraclecloud.com/n/grsxg5eatn7l/b/produtos/o/produtos/26291BR.png
26294BR-CP,CHUV OVAL TETO GCS - 305MM CP,https://objectstorage.sa-saopaulo-1.oraclecloud.com/n/grsxg5eatn7l/b/produtos/o/produtos/26294BR.png
26294BR-BL,CHUV OVAL TETO GCS - 305MM BL,https://objectstorage.sa-saopaulo-1.oraclecloud.com/n/grsxg5eatn7l/b/produtos/o/produtos/26294BR.png
26294BR-BN,CHUV OVAL TETO GCS - 305MM BN,https://objectstorage.sa-saopaulo-1.oraclecloud.com/n/grsxg5eatn7l/b/produtos/o/produtos/26294BR.png
26297BR-CP,CHUV OVAL MULTIF TETO GCS - 454MM CP,https://objectstorage.sa-saopaulo-1.oraclecloud.com/n/grsxg5eatn7l/b/produtos/o/produtos/26297BR.png
26297BR-BL,CHUV OVAL MULTIF TETO GCS - 454MM BL,https://objectstorage.sa-saopaulo-1.oraclecloud.com/n/grsxg5eatn7l/b/produtos/o/produtos/26297BR.png
26297BR-BN,CHUV OVAL MULTIF TETO GCS - 454MM BN,https://objectstorage.sa-saopaulo-1.oraclecloud.com/n/grsxg5eatn7l/b/produtos/o/produtos/26297BR.png
26299BR-CP,DUCHA LAT REDONDA GCS CP,https://objectstorage.sa-saopaulo-1.oraclecloud.com/n/grsxg5eatn7l/b/produtos/o/produtos/26299BR.png
26299BR-BL,DUCHA LAT REDONDA GCS BL,https://objectstorage.sa-saopaulo-1.oraclecloud.com/n/grsxg5eatn7l/b/produtos/o/produtos/26299BR.png
26299BR-BN,DUCHA LAT REDONDA GCS BL,https://objectstorage.sa-saopaulo-1.oraclecloud.com/n/grsxg5eatn7l/b/produtos/o/produtos/26299BR.png
26300BR-CP,DUCHA LAT OVAL GCS CP,https://objectstorage.sa-saopaulo-1.oraclecloud.com/n/grsxg5eatn7l/b/produtos/o/produtos/26300BR.png
26300BR-BL,DUCHA LAT OVAL GCS BL,https://objectstorage.sa-saopaulo-1.oraclecloud.com/n/grsxg5eatn7l/b/produtos/o/produtos/26300BR.png
26300BR-BN,DUCHA LAT OVAL GCS BN,https://objectstorage.sa-saopaulo-1.oraclecloud.com/n/grsxg5eatn7l/b/produtos/o/produtos/26300BR.png
26340BR-NA,VALV. TERMOSTÁTICA GCS - 2 SAÍDAS,https://objectstorage.sa-saopaulo-1.oraclecloud.com/n/grsxg5eatn7l/b/produtos/o/produtos/26340BR.png
26342BR-NA,VALV. TERMOSTÁTICA GCS - 4 SAÍDAS,https://objectstorage.sa-saopaulo-1.oraclecloud.com/n/grsxg5eatn7l/b/produtos/o/produtos/26342BR.png
26346BR-9-CP,ACAB. TERMOSTÁTICA TRIM GCS - 2 SAÍDAS CP,https://objectstorage.sa-saopaulo-1.oraclecloud.com/n/grsxg5eatn7l/b/produtos/o/produtos/26346BR-9.png
26346BR-9-BL,ACAB. TERMOSTÁTICA TRIM GCS - 2 SAÍDAS BL,https://objectstorage.sa-saopaulo-1.oraclecloud.com/n/grsxg5eatn7l/b/produtos/o/produtos/26346BR-9.png
26346BR-9-BN,ACAB. TERMOSTÁTICA TRIM GCS - 2 SAÍDAS BN,https://objectstorage.sa-saopaulo-1.oraclecloud.com/n/grsxg5eatn7l/b/produtos/o/produtos/26346BR-9.png
26348BR-9-CP,ACAB. TERMOSTÁTICA TRIM GCS - 4 SAÍDAS CP,https://objectstorage.sa-saopaulo-1.oraclecloud.com/n/grsxg5eatn7l/b/produtos/o/produtos/26348BR-9.png
26348BR-9-BL,ACAB. TERMOSTÁTICA TRIM GCS - 4 SAÍDAS BL,https://objectstorage.sa-saopaulo-1.oraclecloud.com/n/grsxg5eatn7l/b/produtos/o/produtos/26348BR-9.png
26348BR-9-BN,ACAB. TERMOSTÁTICA TRIM GCS - 4 SAÍDAS BN,https://objectstorage.sa-saopaulo-1.oraclecloud.com/n/grsxg5eatn7l/b/produtos/o/produtos/26348BR-9.png
11623BR-CP,TUBO CHUV TETO 127MM CP,https://objectstorage.sa-saopaulo-1.oraclecloud.com/n/grsxg5eatn7l/b/produtos/o/produtos/11623BR.png
15398BR-B-CP,TUBO CHUV TETO 137MM CP,https://objectstorage.sa-saopaulo-1.oraclecloud.com/n/grsxg5eatn7l/b/produtos/o/produtos/15398BR-B.png
15398BR-B-RGD,TUBO CHUV TETO 137MM RGD,https://objectstorage.sa-saopaulo-1.oraclecloud.com/n/grsxg5eatn7l/b/produtos/o/produtos/15398BR-B.png
15398BR-B-BL,TUBO CHUV TETO 137MM BL,https://objectstorage.sa-saopaulo-1.oraclecloud.com/n/grsxg5eatn7l/b/produtos/o/produtos/15398BR-B.png
15398BR-B-BN,TUBO CHUV TETO 137MM BN,https://objectstorage.sa-saopaulo-1.oraclecloud.com/n/grsxg5eatn7l/b/produtos/o/produtos/15398BR-B.png
11624BR-CP,TUBO CHUV PAR BOLD 183MM CP,https://objectstorage.sa-saopaulo-1.oraclecloud.com/n/grsxg5eatn7l/b/produtos/o/produtos/11624BR.png
11626BR-CP,TUBO CHUV PAR RAIN 141MM CP,https://objectstorage.sa-saopaulo-1.oraclecloud.com/n/grsxg5eatn7l/b/produtos/o/produtos/11626BR.png
11626BR-BN,TUBO CHUV PAR RAIN 141MM BN,https://objectstorage.sa-saopaulo-1.oraclecloud.com/n/grsxg5eatn7l/b/produtos/o/produtos/11626BR.png
11626BR-RGD,TUBO CHUV PAR RAIN 141MM RGD,https://objectstorage.sa-saopaulo-1.oraclecloud.com/n/grsxg5eatn7l/b/produtos/o/produtos/11626BR.png
11626BR-BL,TUBO CHUV PAR RAIN 141MM BL,https://objectstorage.sa-saopaulo-1.oraclecloud.com/n/grsxg5eatn7l/b/produtos/o/produtos/11626BR.png
15396BR-B-BN,TUBO CHUV PAR 383MM BN,https://objectstorage.sa-saopaulo-1.oraclecloud.com/n/grsxg5eatn7l/b/produtos/o/produtos/15396BR-B.png
15396BR-B-BL,TUBO CHUV PAR 383MM BL,https://objectstorage.sa-saopaulo-1.oraclecloud.com/n/grsxg5eatn7l/b/produtos/o/produtos/15396BR-B.png
15396BR-B-CP,TUBO CHUV PAR 383MM CP,https://objectstorage.sa-saopaulo-1.oraclecloud.com/n/grsxg5eatn7l/b/produtos/o/produtos/15396BR-B.png
15396BR-B-RGD,TUBO CHUV PAR 383MM RGD,https://objectstorage.sa-saopaulo-1.oraclecloud.com/n/grsxg5eatn7l/b/produtos/o/produtos/15396BR-B.png
16346BR-CP,TUBO CHUV PAR 463MM CP,https://objectstorage.sa-saopaulo-1.oraclecloud.com/n/grsxg5eatn7l/b/produtos/o/produtos/16346BR.png
16347BR-CP,TUBO CHUV TETO 254MM CP,https://objectstorage.sa-saopaulo-1.oraclecloud.com/n/grsxg5eatn7l/b/produtos/o/produtos/16347BR.png
16347BR-RGD,TUBO CHUV TETO 254MM RGD,https://objectstorage.sa-saopaulo-1.oraclecloud.com/n/grsxg5eatn7l/b/produtos/o/produtos/16347BR.png
12861BR-CP,DUC MAN MULTIF S FLEX CITRUS 90MM CP,https://objectstorage.sa-saopaulo-1.oraclecloud.com/n/grsxg5eatn7l/b/produtos/o/produtos/12861BR.png
21335BR-BN,DUC MAN RED SHIFT PLUS BN,https://objectstorage.sa-saopaulo-1.oraclecloud.com/n/grsxg5eatn7l/b/produtos/o/produtos/21335BR.png
21335BR-BL,DUC MAN RED SHIFT PLUS BL,https://objectstorage.sa-saopaulo-1.oraclecloud.com/n/grsxg5eatn7l/b/produtos/o/produtos/21335BR.png
21335BR-CP,DUC MAN RED SHIFT PLUS CP,https://objectstorage.sa-saopaulo-1.oraclecloud.com/n/grsxg5eatn7l/b/produtos/o/produtos/21335BR.png
21335BR-RGD,DUC MAN RED SHIFT PLUS RGD,https://objectstorage.sa-saopaulo-1.oraclecloud.com/n/grsxg5eatn7l/b/produtos/o/produtos/21335BR.png
45415BR-A-RGD,DUC MAN MULTIF SHIFT ELIPSE 221MM RGD,https://objectstorage.sa-saopaulo-1.oraclecloud.com/n/grsxg5eatn7l/b/produtos/o/produtos/45415BR-A.png
22166BR-G-CP,DUC MAN MULTIF PURIST 284MM CP,https://objectstorage.sa-saopaulo-1.oraclecloud.com/n/grsxg5eatn7l/b/produtos/o/produtos/22166BR-G.png
22166BR-G-BN,DUC MAN MULTIF PURIST 284MM BN,https://objectstorage.sa-saopaulo-1.oraclecloud.com/n/grsxg5eatn7l/b/produtos/o/produtos/22166BR-G.png
22166BR-G-BL,DUC MAN MULTIF PURIST 284MM BL,https://objectstorage.sa-saopaulo-1.oraclecloud.com/n/grsxg5eatn7l/b/produtos/o/produtos/22166BR-G.png
22166BR-G-RGD,DUC MAN MULTIF PURIST 284MM RGD,https://objectstorage.sa-saopaulo-1.oraclecloud.com/n/grsxg5eatn7l/b/produtos/o/produtos/22166BR-G.png
17493BR-CP,DUC MAN MULTIF S FLEX FLIPSIDE 90MM CP,https://objectstorage.sa-saopaulo-1.oraclecloud.com/n/grsxg5eatn7l/b/produtos/o/produtos/17493BR.png
77364BR-CP,DUCHA HIGIEN.LUXE CP,https://objectstorage.sa-saopaulo-1.oraclecloud.com/n/grsxg5eatn7l/b/produtos/o/produtos/77364BR.png
77364BR-BN,DUCHA HIGIEN.LUXE BN,https://objectstorage.sa-saopaulo-1.oraclecloud.com/n/grsxg5eatn7l/b/produtos/o/produtos/77364BR.png
77364BR-BL,DUCHA HIGIEN.LUXE BL,https://objectstorage.sa-saopaulo-1.oraclecloud.com/n/grsxg5eatn7l/b/produtos/o/produtos/77364BR.png
77364BR-RGD,DUCHA HIGIEN.LUXE RGD,https://objectstorage.sa-saopaulo-1.oraclecloud.com/n/grsxg5eatn7l/b/produtos/o/produtos/77364BR.png
98952BR-CP,DUC MAN MULTIF S FLEX RAINDUET 122MM CP,https://objectstorage.sa-saopaulo-1.oraclecloud.com/n/grsxg5eatn7l/b/produtos/o/produtos/98952BR.png
11627BR-CP,CONEXAO DE PAR QUAD CP,https://objectstorage.sa-saopaulo-1.oraclecloud.com/n/grsxg5eatn7l/b/produtos/o/produtos/11627BR.png
11627BR-BL,CONEXAO DE PAR QUAD BL,https://objectstorage.sa-saopaulo-1.oraclecloud.com/n/grsxg5eatn7l/b/produtos/o/produtos/11627BR.png
11627BR-BN,CONEXAO DE PAR QUAD BN,https://objectstorage.sa-saopaulo-1.oraclecloud.com/n/grsxg5eatn7l/b/produtos/o/produtos/11627BR.png
11627BR-RGD,CONEXAO DE PAR QUAD RGD,https://objectstorage.sa-saopaulo-1.oraclecloud.com/n/grsxg5eatn7l/b/produtos/o/produtos/11627BR.png
16381BR-BN,CONEXAO DE PAR RED BN,https://objectstorage.sa-saopaulo-1.oraclecloud.com/n/grsxg5eatn7l/b/produtos/o/produtos/16381BR.png
16381BR-CP,CONEXAO DE PAR RED CP,https://objectstorage.sa-saopaulo-1.oraclecloud.com/n/grsxg5eatn7l/b/produtos/o/produtos/16381BR.png
16381BR-BL,CONEXAO DE PAR RED BL,https://objectstorage.sa-saopaulo-1.oraclecloud.com/n/grsxg5eatn7l/b/produtos/o/produtos/16381BR.png
16381BR-RGD,CONEXAO DE PAR RED RGD,https://objectstorage.sa-saopaulo-1.oraclecloud.com/n/grsxg5eatn7l/b/produtos/o/produtos/16381BR.png
11628BR-CP,"FLEX LISO P DUC MAN 1,5M CP",https://objectstorage.sa-saopaulo-1.oraclecloud.com/n/grsxg5eatn7l/b/produtos/o/produtos/11628BR.png
11628BR-BL,"FLEX LISO P DUC MAN 1,5M BL",https://objectstorage.sa-saopaulo-1.oraclecloud.com/n/grsxg5eatn7l/b/produtos/o/produtos/11628BR.png
11628BR-BN,"FLEX LISO P DUC MAN 1,5M BN",https://objectstorage.sa-saopaulo-1.oraclecloud.com/n/grsxg5eatn7l/b/produtos/o/produtos/11628BR.png
11628BR-RGD,"FLEX LISO P DUC MAN 1,5M RGD",https://objectstorage.sa-saopaulo-1.oraclecloud.com/n/grsxg5eatn7l/b/produtos/o/produtos/11628BR.png
12067BR-BN,"FLEX METAL P DUC MAN 1,5M BN",https://objectstorage.sa-saopaulo-1.oraclecloud.com/n/grsxg5eatn7l/b/produtos/o/produtos/12067BR.png
12067BR-CP,"FLEX METAL P DUC MAN 1,5M CP",https://objectstorage.sa-saopaulo-1.oraclecloud.com/n/grsxg5eatn7l/b/produtos/o/produtos/12067BR.png
12067BR-RGD,"FLEX METAL P DUC MAN 1,5M RGD",https://objectstorage.sa-saopaulo-1.oraclecloud.com/n/grsxg5eatn7l/b/produtos/o/produtos/12067BR.png
45407BR-CP,BARRA DESLIZANTE LOURE 800MM CP,https://objectstorage.sa-saopaulo-1.oraclecloud.com/n/grsxg5eatn7l/b/produtos/o/produtos/45407BR.png
8524BR-CP,BARRA DESLIZANTE CONT 762MM CP,https://objectstorage.sa-saopaulo-1.oraclecloud.com/n/grsxg5eatn7l/b/produtos/o/produtos/8524BR.png
8524BR-BL,BARRA DESLIZANTE CONT 762MM BL,https://objectstorage.sa-saopaulo-1.oraclecloud.com/n/grsxg5eatn7l/b/produtos/o/produtos/8524BR.png
8524BR-RGD,BARRA DESLIZANTE CONT 762MM RGD,https://objectstorage.sa-saopaulo-1.oraclecloud.com/n/grsxg5eatn7l/b/produtos/o/produtos/8524BR.png
8524BR-BN,BARRA DESLIZANTE CONT 762MM BN,https://objectstorage.sa-saopaulo-1.oraclecloud.com/n/grsxg5eatn7l/b/produtos/o/produtos/8524BR.png
98341BR-CP,BARRA DESLIZANTE AWAKEN 610MM CP,https://objectstorage.sa-saopaulo-1.oraclecloud.com/n/grsxg5eatn7l/b/produtos/o/produtos/98341BR.png
98341BR-BN,BARRA DESLIZANTE AWAKEN 610MM BN,https://objectstorage.sa-saopaulo-1.oraclecloud.com/n/grsxg5eatn7l/b/produtos/o/produtos/98341BR.png
98341BR-BL,BARRA DESLIZANTE AWAKEN 610MM BL,https://objectstorage.sa-saopaulo-1.oraclecloud.com/n/grsxg5eatn7l/b/produtos/o/produtos/98341BR.png
98341BR-RGD,BARRA DESLIZANTE AWAKEN 610MM RGD,https://objectstorage.sa-saopaulo-1.oraclecloud.com/n/grsxg5eatn7l/b/produtos/o/produtos/98341BR.png
7124BR-A-BN,VALV ESCOAM CLICK C LADRAO BN,https://objectstorage.sa-saopaulo-1.oraclecloud.com/n/grsxg5eatn7l/b/produtos/o/produtos/7124BR-A.png
7124BR-A-BL,VALV ESCOAM CLICK C LADRAO BL,https://objectstorage.sa-saopaulo-1.oraclecloud.com/n/grsxg5eatn7l/b/produtos/o/produtos/7124BR-A.png
7124BR-A-CP,VALV ESCOAM CLICK C LADRAO CP,https://objectstorage.sa-saopaulo-1.oraclecloud.com/n/grsxg5eatn7l/b/produtos/o/produtos/7124BR-A.png
7124BR-A-RGD,VALV ESCOAM CLICK C LADRAO RGD,https://objectstorage.sa-saopaulo-1.oraclecloud.com/n/grsxg5eatn7l/b/produtos/o/produtos/7124BR-A.png
7124BR-A-TT,VALV ESCOAM CLICK C LADRAO TT,https://objectstorage.sa-saopaulo-1.oraclecloud.com/n/grsxg5eatn7l/b/produtos/o/produtos/7124BR-A.png
7124BR-BN,VALV ESCOAM CLICK S LADRAO BN,https://objectstorage.sa-saopaulo-1.oraclecloud.com/n/grsxg5eatn7l/b/produtos/o/produtos/7124BR.png
7124BR-BL,VALV ESCOAM CLICK S LADRAO BL,https://objectstorage.sa-saopaulo-1.oraclecloud.com/n/grsxg5eatn7l/b/produtos/o/produtos/7124BR.png
7124BR-CP,VALV ESCOAM CLICK S LADRAO CP,https://objectstorage.sa-saopaulo-1.oraclecloud.com/n/grsxg5eatn7l/b/produtos/o/produtos/7124BR.png
7124BR-RGD,VALV ESCOAM CLICK S LADRAO RGD,https://objectstorage.sa-saopaulo-1.oraclecloud.com/n/grsxg5eatn7l/b/produtos/o/produtos/7124BR.png
7124BR-TT,VALV ESCOAM CLICK S LADRAO TT,https://objectstorage.sa-saopaulo-1.oraclecloud.com/n/grsxg5eatn7l/b/produtos/o/produtos/7124BR.png
78102BR-BN,"VALV ESCOAM G7/8"" BN",https://objectstorage.sa-saopaulo-1.oraclecloud.com/n/grsxg5eatn7l/b/produtos/o/produtos/78102BR.png
78102BR-BL,"VALV ESCOAM G7/8"" BL",https://objectstorage.sa-saopaulo-1.oraclecloud.com/n/grsxg5eatn7l/b/produtos/o/produtos/78102BR.png
78102BR-CP,"VALV ESCOAM G7/8"" CP",https://objectstorage.sa-saopaulo-1.oraclecloud.com/n/grsxg5eatn7l/b/produtos/o/produtos/78102BR.png
78102BR-RGD,"VALV ESCOAM G7/8"" RGD",https://objectstorage.sa-saopaulo-1.oraclecloud.com/n/grsxg5eatn7l/b/produtos/o/produtos/78102BR.png
78102BR-TT,"VALV ESCOAM G7/8"" TT",https://objectstorage.sa-saopaulo-1.oraclecloud.com/n/grsxg5eatn7l/b/produtos/o/produtos/78102BR.png
98347BR-BL,SUPORTE PAR P DUC MAN AWAKENBL,https://objectstorage.sa-saopaulo-1.oraclecloud.com/n/grsxg5eatn7l/b/produtos/o/produtos/98347BR.png
98347BR-BN,SUPORTE PAR P DUC MAN AWAKENBN,https://objectstorage.sa-saopaulo-1.oraclecloud.com/n/grsxg5eatn7l/b/produtos/o/produtos/98347BR.png
98347BR-CP,SUPORTE PAR P DUC MAN AWAKENCP,https://objectstorage.sa-saopaulo-1.oraclecloud.com/n/grsxg5eatn7l/b/produtos/o/produtos/98347BR.png
9038BR-CP,SUPORTE PAR AJUSTAVEL P DUC MAN CP,https://objectstorage.sa-saopaulo-1.oraclecloud.com/n/grsxg5eatn7l/b/produtos/o/produtos/9038BR.png
9040BR-CP,SUPORTE PAR P DUC MAN QUAD CP,https://objectstorage.sa-saopaulo-1.oraclecloud.com/n/grsxg5eatn7l/b/produtos/o/produtos/9040BR.png
9040BR-BL,SUPORTE PAR P DUC MAN QUAD BL,https://objectstorage.sa-saopaulo-1.oraclecloud.com/n/grsxg5eatn7l/b/produtos/o/produtos/9040BR.png
9040BR-BN,SUPORTE PAR P DUC MAN QUAD BN,https://objectstorage.sa-saopaulo-1.oraclecloud.com/n/grsxg5eatn7l/b/produtos/o/produtos/9040BR.png
9040BR-RGD,SUPORTE PAR P DUC MAN QUAD RGD,https://objectstorage.sa-saopaulo-1.oraclecloud.com/n/grsxg5eatn7l/b/produtos/o/produtos/9040BR.png
98100BR-CP,DUC HIGIENICA UNIV CR,https://objectstorage.sa-saopaulo-1.oraclecloud.com/n/grsxg5eatn7l/b/produtos/o/produtos/98100BR.png
22036BR-CP,SIMPLICE - MON COZINHA TOUCHLESS CP,https://objectstorage.sa-saopaulo-1.oraclecloud.com/n/grsxg5eatn7l/b/produtos/o/produtos/22036BR.png
22036BR-BL,SIMPLICE - MON COZINHA TOUCHLESS BL,https://objectstorage.sa-saopaulo-1.oraclecloud.com/n/grsxg5eatn7l/b/produtos/o/produtos/22036BR.png
22036BR-VS,SIMPLICE - MON COZINHA TOUCHLESS VS,https://objectstorage.sa-saopaulo-1.oraclecloud.com/n/grsxg5eatn7l/b/produtos/o/produtos/22036BR.png
22974BR-CP,CRUE - MON COZINHA TOUCHLESS CP,https://objectstorage.sa-saopaulo-1.oraclecloud.com/n/grsxg5eatn7l/b/produtos/o/produtos/22974BR.png
22974BR-BL,CRUE - MON COZINHA TOUCHLESS BL,https://objectstorage.sa-saopaulo-1.oraclecloud.com/n/grsxg5eatn7l/b/produtos/o/produtos/22974BR.png
22974BR-VS,CRUE - MON COZINHA TOUCHLESS VS,https://objectstorage.sa-saopaulo-1.oraclecloud.com/n/grsxg5eatn7l/b/produtos/o/produtos/22974BR.png
99259BR-CP,ARTIFACTS - MIST MON COZ DUC REMOV CP,https://objectstorage.sa-saopaulo-1.oraclecloud.com/n/grsxg5eatn7l/b/produtos/o/produtos/99259BR.png
28267BR-CP,COMPONENTS - MON SEMI PROF COZ CP,https://objectstorage.sa-saopaulo-1.oraclecloud.com/n/grsxg5eatn7l/b/produtos/o/produtos/28267BR.png
28267BR-VS,COMPONENTS - MON SEMI PROF COZ VS,https://objectstorage.sa-saopaulo-1.oraclecloud.com/n/grsxg5eatn7l/b/produtos/o/produtos/28267BR.png
28267BR-2MB,COMPONENTS - MON SEMI PROF COZ 2MB,https://objectstorage.sa-saopaulo-1.oraclecloud.com/n/grsxg5eatn7l/b/produtos/o/produtos/28267BR-2MB.png
28267BR-BL,COMPONENTS - MON SEMI PROF COZ BL,https://objectstorage.sa-saopaulo-1.oraclecloud.com/n/grsxg5eatn7l/b/produtos/o/produtos/28267BR.png
28268BR-CP,COMPONENTS - MIST MON COZ CP,https://objectstorage.sa-saopaulo-1.oraclecloud.com/n/grsxg5eatn7l/b/produtos/o/produtos/28268BR.png
28268BR-VS,COMPONENTS - MIST MON COZ VS,https://objectstorage.sa-saopaulo-1.oraclecloud.com/n/grsxg5eatn7l/b/produtos/o/produtos/28268BR.png
28268BR-2MB,COMPONENTS - MIST MON COZ 2MB,https://objectstorage.sa-saopaulo-1.oraclecloud.com/n/grsxg5eatn7l/b/produtos/o/produtos/28268BR-2MB.png
28268BR-BL,COMPONENTS - MIST MON COZ BL,https://objectstorage.sa-saopaulo-1.oraclecloud.com/n/grsxg5eatn7l/b/produtos/o/produtos/28268BR.png
28269BR-CP,COMPONENTS - MIST MON COZ QUAD CP,https://objectstorage.sa-saopaulo-1.oraclecloud.com/n/grsxg5eatn7l/b/produtos/o/produtos/28269BR.png
28269BR-VS,COMPONENTS - MIST MON QUAD COZ VS,https://objectstorage.sa-saopaulo-1.oraclecloud.com/n/grsxg5eatn7l/b/produtos/o/produtos/28269BR.png
28269BR-2MB,COMPONENTS - MIST MON QUAD COZ 2MB,https://objectstorage.sa-saopaulo-1.oraclecloud.com/n/grsxg5eatn7l/b/produtos/o/produtos/28269BR-2MB.png
28269BR-BL,COMPONENTS - MIST MON QUAD COZ BL,https://objectstorage.sa-saopaulo-1.oraclecloud.com/n/grsxg5eatn7l/b/produtos/o/produtos/28269BR.png
28276BR-CP,COMPONENTS - TORN COZ PAR CP,https://objectstorage.sa-saopaulo-1.oraclecloud.com/n/grsxg5eatn7l/b/produtos/o/produtos/28276BR.png
28276BR-VS,COMPONENTS - TORN COZ PAR VS,https://objectstorage.sa-saopaulo-1.oraclecloud.com/n/grsxg5eatn7l/b/produtos/o/produtos/28276BR.png
28276BR-2MB,COMPONENTS - TORN COZ PAR 2MB,https://objectstorage.sa-saopaulo-1.oraclecloud.com/n/grsxg5eatn7l/b/produtos/o/produtos/28276BR-2MB.png
28276BR-BL,COMPONENTS - TORN COZ PAR BL,https://objectstorage.sa-saopaulo-1.oraclecloud.com/n/grsxg5eatn7l/b/produtos/o/produtos/28276BR.png
28290BR-CP,COMPONENTS - MIST MON COZ 360° CP,https://objectstorage.sa-saopaulo-1.oraclecloud.com/n/grsxg5eatn7l/b/produtos/o/produtos/28290BR.png
28290BR-VS,COMPONENTS - MIST MON COZ 360° VS,https://objectstorage.sa-saopaulo-1.oraclecloud.com/n/grsxg5eatn7l/b/produtos/o/produtos/28290BR.png
28290BR-2MB,COMPONENTS - MIST MON COZ 360° 2MB,https://objectstorage.sa-saopaulo-1.oraclecloud.com/n/grsxg5eatn7l/b/produtos/o/produtos/28290BR-2MB.png
28290BR-BL,COMPONENTS - MIST MON COZ 360° BL,https://objectstorage.sa-saopaulo-1.oraclecloud.com/n/grsxg5eatn7l/b/produtos/o/produtos/28290BR.png
22033BR-CP,SIMPLICE - MON SEMI PROFISSIONAL COZINHA CP,https://objectstorage.sa-saopaulo-1.oraclecloud.com/n/grsxg5eatn7l/b/produtos/o/produtos/22033BR.png
22033BR-BL,SIMPLICE - MON SEMI PROFISSIONAL COZINHA BL,https://objectstorage.sa-saopaulo-1.oraclecloud.com/n/grsxg5eatn7l/b/produtos/o/produtos/22033BR.png
22033BR-VS,SIMPLICE - MON SEMI PROFISSIONAL COZINHA VS,https://objectstorage.sa-saopaulo-1.oraclecloud.com/n/grsxg5eatn7l/b/produtos/o/produtos/22033BR.png
22973BR-CP,Crue MON SEMI PROFISSIONAL COZINHA CP,https://objectstorage.sa-saopaulo-1.oraclecloud.com/n/grsxg5eatn7l/b/produtos/o/produtos/22973BR.png
22973BR-BL,Crue MON SEMI PROFISSIONAL COZINHA BL,https://objectstorage.sa-saopaulo-1.oraclecloud.com/n/grsxg5eatn7l/b/produtos/o/produtos/22973BR.png
22973BR-VS,Crue MON SEMI PROFISSIONAL COZINHA VS,https://objectstorage.sa-saopaulo-1.oraclecloud.com/n/grsxg5eatn7l/b/produtos/o/produtos/22973BR.png
24982BR-CP,PURIST - MON SEMI PROFISSIONAL COZINHA,https://objectstorage.sa-saopaulo-1.oraclecloud.com/n/grsxg5eatn7l/b/produtos/o/produtos/24982BR.png
76372BR-4-CP,CARAFE - MIST MON COZ PARA FILTRO CP,https://objectstorage.sa-saopaulo-1.oraclecloud.com/n/grsxg5eatn7l/b/produtos/o/produtos/76372BR-4.png
22975BR-CP,Crue MIST MON COZ CP,https://objectstorage.sa-saopaulo-1.oraclecloud.com/n/grsxg5eatn7l/b/produtos/o/produtos/22975BR.png
22975BR-BL,Crue MIST MON COZ BL,https://objectstorage.sa-saopaulo-1.oraclecloud.com/n/grsxg5eatn7l/b/produtos/o/produtos/22975BR.png
22975BR-VS,Crue MIST MON COZ VS,https://objectstorage.sa-saopaulo-1.oraclecloud.com/n/grsxg5eatn7l/b/produtos/o/produtos/22975BR.png
22972BR-CP,Crue MIST MON COZ DUC REMOV CP,https://objectstorage.sa-saopaulo-1.oraclecloud.com/n/grsxg5eatn7l/b/produtos/o/produtos/22972BR.png
22972BR-VS,Crue MIST MON COZ DUC REMOV VS,https://objectstorage.sa-saopaulo-1.oraclecloud.com/n/grsxg5eatn7l/b/produtos/o/produtos/22972BR.png
22972BR-BL,Crue MIST MON COZ DUC REMOV BL,https://objectstorage.sa-saopaulo-1.oraclecloud.com/n/grsxg5eatn7l/b/produtos/o/produtos/22972BR.png
21367BR-4-CP,MIST MON COZ DUC REMOV TAUT CP,https://objectstorage.sa-saopaulo-1.oraclecloud.com/n/grsxg5eatn7l/b/produtos/o/produtos/21367BR-4.png
37338BR-4-CP,MIST COZ PAR STRAYT CP,https://objectstorage.sa-saopaulo-1.oraclecloud.com/n/grsxg5eatn7l/b/produtos/o/produtos/37338BR-4.png
597BR-C4-CP,MIST MON COZ DUC REMOV SIMPLICE CP,https://objectstorage.sa-saopaulo-1.oraclecloud.com/n/grsxg5eatn7l/b/produtos/o/produtos/597BR-C4.png
597BR-BL,MIST MON COZ DUC REMOV SIMPLICE BL,https://objectstorage.sa-saopaulo-1.oraclecloud.com/n/grsxg5eatn7l/b/produtos/o/produtos/597BR.png
597BR-C4-VS,MIST MON COZ DUC REMOV SIMPLICE VS,https://objectstorage.sa-saopaulo-1.oraclecloud.com/n/grsxg5eatn7l/b/produtos/o/produtos/597BR-C4.png
22034BR-CP,SIMPLICE MIST MON COZ CP,https://objectstorage.sa-saopaulo-1.oraclecloud.com/n/grsxg5eatn7l/b/produtos/o/produtos/22034BR.png
22034BR-BL,SIMPLICE MIST MON COZ BL,https://objectstorage.sa-saopaulo-1.oraclecloud.com/n/grsxg5eatn7l/b/produtos/o/produtos/22034BR.png
22034BR-VS,SIMPLICE MIST MON COZ VS,https://objectstorage.sa-saopaulo-1.oraclecloud.com/n/grsxg5eatn7l/b/produtos/o/produtos/22034BR.png
72360BR-CP,MIST MON COZ ALEO CP,https://objectstorage.sa-saopaulo-1.oraclecloud.com/n/grsxg5eatn7l/b/produtos/o/produtos/72360BR.png
7505BR-C4-CP,MIST MON COZ DUC REMOV PURIST CP,https://objectstorage.sa-saopaulo-1.oraclecloud.com/n/grsxg5eatn7l/b/produtos/o/produtos/7505BR-C4.png
7505BR-C4-VS,MIST MON COZ DUC REMOV PURIST VS,https://objectstorage.sa-saopaulo-1.oraclecloud.com/n/grsxg5eatn7l/b/produtos/o/produtos/7505BR-C4.png
99175BR-4-CP,MIST MON COZ BICA REMOV ALEO CP,https://objectstorage.sa-saopaulo-1.oraclecloud.com/n/grsxg5eatn7l/b/produtos/o/produtos/99175BR-4.png
20589BR-4-CP,TORN COZ PAR ALEO CP,https://objectstorage.sa-saopaulo-1.oraclecloud.com/n/grsxg5eatn7l/b/produtos/o/produtos/20589BR-4.png
99480BR-4CD-CP,TORN COZ KUMIN CP,https://objectstorage.sa-saopaulo-1.oraclecloud.com/n/grsxg5eatn7l/b/produtos/o/produtos/99480BR-4CD.png
99482BR-4-CP,TORN COZ PAR KUMIM CP,https://objectstorage.sa-saopaulo-1.oraclecloud.com/n/grsxg5eatn7l/b/produtos/o/produtos/99482BR-4.png
23674BR-CP,SUPLEMENTO DE CANOPLA RED CP,https://objectstorage.sa-saopaulo-1.oraclecloud.com/n/grsxg5eatn7l/b/produtos/o/produtos/23674BR.png
23674BR-BN,SUPLEMENTO DE CANOPLA RED BN,https://objectstorage.sa-saopaulo-1.oraclecloud.com/n/grsxg5eatn7l/b/produtos/o/produtos/23674BR.png
23674BR-BL,SUPLEMENTO DE CANOPLA RED BL,https://objectstorage.sa-saopaulo-1.oraclecloud.com/n/grsxg5eatn7l/b/produtos/o/produtos/23674BR.png
23674BR-RGD,SUPLEMENTO DE CANOPLA RED RGD,https://objectstorage.sa-saopaulo-1.oraclecloud.com/n/grsxg5eatn7l/b/produtos/o/produtos/23674BR.png
23675BR-CP,SUPLEMENTO DE CANOPLA QUAD CP,https://objectstorage.sa-saopaulo-1.oraclecloud.com/n/grsxg5eatn7l/b/produtos/o/produtos/23675BR.png
22935BR-K-NA,MECAN CERAM ESQ 1/4 VOLTA FABRIMAR Q,https://objectstorage.sa-saopaulo-1.oraclecloud.com/n/grsxg5eatn7l/b/produtos/o/produtos/22935BR-K.png
75746BR-K-NA,MECAN CERAM DIR 1/4 VOLTA FABRIMAR F,https://objectstorage.sa-saopaulo-1.oraclecloud.com/n/grsxg5eatn7l/b/produtos/o/produtos/75746BR-K.png
22936BR-K-NA,MECAN CERAM ESQ 1/4 VOLTA DECA Q,https://objectstorage.sa-saopaulo-1.oraclecloud.com/n/grsxg5eatn7l/b/produtos/o/produtos/22936BR-K.png
78368BR-K-NA,MECAN CERAM DIR 1/4 VOLTA DECA F,https://objectstorage.sa-saopaulo-1.oraclecloud.com/n/grsxg5eatn7l/b/produtos/o/produtos/78368BR-K.png
22937BR-K-NA,MECAN CERAM ESQ 1/4 VOLTA DOCOL Q,https://objectstorage.sa-saopaulo-1.oraclecloud.com/n/grsxg5eatn7l/b/produtos/o/produtos/22937BR-K.png
78369BR-K-NA,MECAN CERAM DIR 1/4 VOLTA DOCOL F,https://objectstorage.sa-saopaulo-1.oraclecloud.com/n/grsxg5eatn7l/b/produtos/o/produtos/78369BR-K.png
2975BR-KS-NA,"BASE VALV TERMOST 3/4"" MASTERSHOWER",https://objectstorage.sa-saopaulo-1.oraclecloud.com/n/grsxg5eatn7l/b/produtos/o/produtos/2975BR-KS.png
27339BR-K-NA,"BASE REGISTRO GAVETA 3/4""",https://objectstorage.sa-saopaulo-1.oraclecloud.com/n/grsxg5eatn7l/b/produtos/o/produtos/27339BR-K.png
27340BR-K-NA,"BASE REGISTRO PRESSÃO 3/4""",https://objectstorage.sa-saopaulo-1.oraclecloud.com/n/grsxg5eatn7l/b/produtos/o/produtos/27340BR-K.png
2977BR-K-NA,BASE R PRES MEC CERAM 1/4 VOLTA M.SHOWER,https://objectstorage.sa-saopaulo-1.oraclecloud.com/n/grsxg5eatn7l/b/produtos/o/produtos/2977BR-K.png
728BR-K-NA,VALV DESV CHUV 2-3 VIAS MASTERSHOWER,https://objectstorage.sa-saopaulo-1.oraclecloud.com/n/grsxg5eatn7l/b/produtos/o/produtos/728BR-K.png
55ADAP-01-NA,MECAN VALV GAVETA DECA,https://objectstorage.sa-saopaulo-1.oraclecloud.com/n/grsxg5eatn7l/b/produtos/o/produtos/55ADAP-01.png
55ADAP-02-NA,MECAN VALV GAVETA DOCOL,https://objectstorage.sa-saopaulo-1.oraclecloud.com/n/grsxg5eatn7l/b/produtos/o/produtos/55ADAP-02.png
78370BR-K-NA,BASE MIST CHUV 1/4 DE VOLTA,https://objectstorage.sa-saopaulo-1.oraclecloud.com/n/grsxg5eatn7l/b/produtos/o/produtos/78370BR-K.png
880BR-BN,BASE MIST MON CHUV 40MM BN,https://objectstorage.sa-saopaulo-1.oraclecloud.com/n/grsxg5eatn7l/b/produtos/o/produtos/880BR.png
880BR-CP,BASE MIST MON CHUV 40MM CP,https://objectstorage.sa-saopaulo-1.oraclecloud.com/n/grsxg5eatn7l/b/produtos/o/produtos/880BR.png
880BR-RGD,BASE MIST MON CHUV 40MM RGD,https://objectstorage.sa-saopaulo-1.oraclecloud.com/n/grsxg5eatn7l/b/produtos/o/produtos/880BR.png
880BR-TT,BASE MIST MON CHUV 40MM TT,https://objectstorage.sa-saopaulo-1.oraclecloud.com/n/grsxg5eatn7l/b/produtos/o/produtos/880BR.png
880BR-BL,BASE MIST MON CHUV 40MM BL,https://objectstorage.sa-saopaulo-1.oraclecloud.com/n/grsxg5eatn7l/b/produtos/o/produtos/880BR.png
882BR-BN,BASE MIST MON CHUV/BANH 40MM BN,https://objectstorage.sa-saopaulo-1.oraclecloud.com/n/grsxg5eatn7l/b/produtos/o/produtos/882BR.png
882BR-CP,BASE MIST MON CHUV/BANH 40MM CP,https://objectstorage.sa-saopaulo-1.oraclecloud.com/n/grsxg5eatn7l/b/produtos/o/produtos/882BR.png
882BR-RGD,BASE MIST MON CHUV/BANH 40MM RGD,https://objectstorage.sa-saopaulo-1.oraclecloud.com/n/grsxg5eatn7l/b/produtos/o/produtos/882BR.png
882BR-TT,BASE MIST MON CHUV/BANH 40MM TT,https://objectstorage.sa-saopaulo-1.oraclecloud.com/n/grsxg5eatn7l/b/produtos/o/produtos/882BR.png
882BR-BL,BASE MIST MON CHUV/BANH 40MM BL,https://objectstorage.sa-saopaulo-1.oraclecloud.com/n/grsxg5eatn7l/b/produtos/o/produtos/882BR.png
